_id,MAC_add,pie1[0],pie1[1],pie1[2],pie1[3],pie1[4],pie1[5],pie1[6],pie1[7],pie1[8],pie1[9],pie1[10],pie1[11],pie1[12],pie1[13],pie1[14],pie1[15],pie1[16],pie1[17],pie1[18],pie1[19],pie1[20],pie1[21],pie1[22],pie1[23],pie1[24],pie1[25],pie1[26],pie1[27],pie1[28],pie1[29],pie1[30],pie1[31],pie1[32],pie1[33],pie1[34],pie1[35],pie1[36],pie1[37],pie1[38],pie1[39],pie1[40],pie1[41],pie1[42],pie1[43],pie1[44],pie1[45],pie1[46],pie1[47],pie1[48],pie1[49],pie1[50],pie1[51],pie1[52],pie1[53],pie1[54],pie1[55],pie1[56],pie1[57],pie1[58],pie1[59],pie1[60],pie1[61],pie1[62],pie1[63],pie1[64],pie1[65],pie1[66],pie1[67],pie1[68],pie1[69],pie1[70],pie1[71],pie1[72],pie1[73],pie1[74],pie1[75],pie1[76],pie1[77],pie1[78],pie1[79],pie1[80],pie1[81],pie1[82],pie1[83],pie1[84],pie1[85],pie1[86],pie1[87],pie1[88],pie1[89],pie1[90],pie1[91],pie1[92],pie1[93],pie1[94],pie1[95],pie2[0]
888e6bba702141bebcfbbe01,4D:77:79:31:E9:92,2024-06-04 09:08:59,2024-06-04 09:09:15,2024-06-04 09:09:32,2024-06-04 09:09:48,2024-06-04 09:10:21,2024-06-04 09:10:37,2024-06-04 09:10:54,2024-06-04 09:11:15,2024-06-04 09:11:30,2024-06-04 09:11:46,2024-06-04 09:12:02,2024-06-04 09:12:23,2024-06-04 09:12:39,2024-06-04 09:12:54,2024-06-04 09:13:10,2024-06-04 09:13:26,2024-06-04 09:13:42,2024-06-04 09:13:57,2024-06-04 09:14:13,2024-06-04 09:14:29,2024-06-04 09:14:45,2024-06-04 09:15:01,2024-06-04 09:15:21,2024-06-04 09:15:37,2024-06-04 09:15:53,2024-06-04 09:16:09,2024-06-04 09:16:24,2024-06-04 09:16:40,2024-06-04 09:16:57,2024-06-04 09:17:18,2024-06-04 09:17:49,2024-06-04 09:18:05,2024-06-04 09:18:26,2024-06-04 09:18:41,2024-06-04 09:18:57,2024-06-04 09:19:13,2024-06-04 09:19:29,2024-06-04 09:19:45,2024-06-04 09:20:00,2024-06-04 09:20:21,2024-06-04 09:20:37,2024-06-04 09:20:53,2024-06-04 09:21:14,2024-06-04 09:21:35,2024-06-04 09:21:50,2024-06-04 09:22:06,2024-06-04 09:22:22,2024-06-04 09:22:38,2024-06-04 09:22:53,2024-06-04 09:23:09,2024-06-04 09:23:25,2024-06-04 09:23:41,2024-06-04 09:23:56,2024-06-04 09:24:12,2024-06-04 09:24:28,2024-06-04 09:24:44,2024-06-04 09:25:00,2024-06-04 09:25:15,2024-06-04 09:25:31,2024-06-04 09:25:47,2024-06-04 09:26:03,2024-06-04 09:26:18,2024-06-04 09:26:34,2024-06-04 09:27:00,2024-06-04 09:27:16,2024-06-04 09:27:32,2024-06-04 09:27:48,2024-06-04 09:28:03,2024-06-04 09:28:24,2024-06-04 09:28:40,2024-06-04 09:29:01,2024-06-04 09:29:22,2024-06-04 09:29:43,2024-06-04 09:29:58,2024-06-04 09:30:14,2024-06-04 09:30:30,2024-06-04 09:30:46,2024-06-04 09:31:07,2024-06-04 09:31:22,2024-06-04 09:31:38,2024-06-04 09:32:04,2024-06-04 09:32:20,2024-06-04 09:32:36,2024-06-04 09:32:57,2024-06-04 09:33:13,2024-06-04 09:33:28,2024-06-04 09:33:44,2024-06-04 09:34:00,2024-06-04 09:34:16,2024-06-04 09:34:38,2024-06-04 09:34:55,2024-06-04 09:35:16,2024-06-04 09:35:32,2024-06-04 09:35:53,2024-06-04 09:36:08,2024-06-04 09:36:24,
fd80b0b282f64a439edb1f24,F7:20:0E:26:10:33,2024-06-04 09:08:59,2024-06-04 09:09:15,2024-06-04 09:09:32,2024-06-04 09:09:48,2024-06-04 09:10:21,2024-06-04 09:10:37,2024-06-04 09:10:54,2024-06-04 09:11:15,2024-06-04 09:11:30,2024-06-04 09:11:46,2024-06-04 09:12:02,2024-06-04 09:12:23,2024-06-04 09:12:39,2024-06-04 09:15:53,2024-06-04 09:16:09,2024-06-04 09:19:13,2024-06-04 09:58:09,2024-06-04 09:59:02,2024-06-04 09:59:18,2024-06-04 10:03:21,2024-06-04 10:03:38,2024-06-04 10:03:55,2024-06-04 10:04:11,2024-06-04 10:04:28,2024-06-04 10:04:45,2024-06-04 10:05:01,2024-06-04 10:05:23,,,,,,,,,,,,,,,,,,,,,,,,,,,,,,,,,,,,,,,,,,,,,,,,,,,,,,,,,,,,,,,,,,,,,,
bc90d62a0dc943c9b5ebb399,E8:01:03:41:1D:60,2024-06-04 09:08:59,2024-06-04 09:09:15,2024-06-04 09:09:32,2024-06-04 09:09:48,2024-06-04 09:10:21,2024-06-04 09:10:37,2024-06-04 09:10:54,2024-06-04 09:11:15,2024-06-04 09:11:30,2024-06-04 09:11:46,2024-06-04 09:12:02,2024-06-04 09:12:23,2024-06-04 09:12:39,2024-06-04 09:12:54,2024-06-04 09:13:10,2024-06-04 09:13:26,2024-06-04 09:13:42,2024-06-04 09:13:57,2024-06-04 09:14:13,2024-06-04 09:14:29,2024-06-04 09:14:45,2024-06-04 09:15:01,2024-06-04 09:15:21,2024-06-04 09:15:37,2024-06-04 09:15:53,2024-06-04 09:16:09,2024-06-04 09:16:24,,,,,,,,,,,,,,,,,,,,,,,,,,,,,,,,,,,,,,,,,,,,,,,,,,,,,,,,,,,,,,,,,,,,,,
177f3d98617646f794ebf49e,00:18:CE:2F:FD:77,2024-06-04 09:08:59,2024-06-04 09:09:15,2024-06-04 09:09:32,2024-06-04 09:09:48,2024-06-04 09:10:21,2024-06-04 09:10:37,2024-06-04 09:10:54,2024-06-04 10:03:38,2024-06-04 10:03:55,2024-06-04 10:04:11,2024-06-04 10:04:28,2024-06-04 10:04:45,2024-06-04 10:05:01,2024-06-04 10:05:23,,,,,,,,,,,,,,,,,,,,,,,,,,,,,,,,,,,,,,,,,,,,,,,,,,,,,,,,,,,,,,,,,,,,,,,,,,,,,,,,,,,
61f0df29fc144497946ad133,F9:DA:50:08:1A:30,2024-06-04 09:09:32,2024-06-04 09:09:48,,,,,,,,,,,,,,,,,,,,,,,,,,,,,,,,,,,,,,,,,,,,,,,,,,,,,,,,,,,,,,,,,,,,,,,,,,,,,,,,,,,,,,,,,,,,,,,
7257f7199a2845dbbe79415c,7A:D7:92:AB:35:2F,2024-06-04 09:09:48,,,,,,,,,,,,,,,,,,,,,,,,,,,,,,,,,,,,,,,,,,,,,,,,,,,,,,,,,,,,,,,,,,,,,,,,,,,,,,,,,,,,,,,,,,,,,,,,
a157b52e34ff4a83a76f5edb,70:34:89:A3:64:A8,2024-06-04 09:09:48,,,,,,,,,,,,,,,,,,,,,,,,,,,,,,,,,,,,,,,,,,,,,,,,,,,,,,,,,,,,,,,,,,,,,,,,,,,,,,,,,,,,,,,,,,,,,,,,
d5a311bf5c064d51b2496359,4E:DD:5F:F7:9A:47,2024-06-04 09:09:48,,,,,,,,,,,,,,,,,,,,,,,,,,,,,,,,,,,,,,,,,,,,,,,,,,,,,,,,,,,,,,,,,,,,,,,,,,,,,,,,,,,,,,,,,,,,,,,,
5a4e00b78f474fe8b86102b4,47:9C:0D:B3:14:7B,2024-06-04 09:10:21,,,,,,,,,,,,,,,,,,,,,,,,,,,,,,,,,,,,,,,,,,,,,,,,,,,,,,,,,,,,,,,,,,,,,,,,,,,,,,,,,,,,,,,,,,,,,,,,
5863235dba2d4d7bacbb3831,C4:A1:5F:B5:5E:16,2024-06-04 09:10:21,,,,,,,,,,,,,,,,,,,,,,,,,,,,,,,,,,,,,,,,,,,,,,,,,,,,,,,,,,,,,,,,,,,,,,,,,,,,,,,,,,,,,,,,,,,,,,,,2024-06-04 09:26:39
6fbd7fb099624e858a51911c,7D:71:E2:6A:81:F1,2024-06-04 09:10:21,,,,,,,,,,,,,,,,,,,,,,,,,,,,,,,,,,,,,,,,,,,,,,,,,,,,,,,,,,,,,,,,,,,,,,,,,,,,,,,,,,,,,,,,,,,,,,,,
ad44613d889848b6b8179a03,5B:36:E1:0C:8A:29,2024-06-04 09:10:21,,,,,,,,,,,,,,,,,,,,,,,,,,,,,,,,,,,,,,,,,,,,,,,,,,,,,,,,,,,,,,,,,,,,,,,,,,,,,,,,,,,,,,,,,,,,,,,,
c14cdb3d960c41c2bfcacbd2,C7:86:C4:EB:4F:2F,2024-06-04 09:10:21,,,,,,,,,,,,,,,,,,,,,,,,,,,,,,,,,,,,,,,,,,,,,,,,,,,,,,,,,,,,,,,,,,,,,,,,,,,,,,,,,,,,,,,,,,,,,,,,
0265f12427364b8791500b4e,77:D5:66:00:92:4F,2024-06-04 09:10:21,,,,,,,,,,,,,,,,,,,,,,,,,,,,,,,,,,,,,,,,,,,,,,,,,,,,,,,,,,,,,,,,,,,,,,,,,,,,,,,,,,,,,,,,,,,,,,,,
7be26d2616d846b68504f0d0,D6:BD:F6:18:CD:44,2024-06-04 09:10:21,,,,,,,,,,,,,,,,,,,,,,,,,,,,,,,,,,,,,,,,,,,,,,,,,,,,,,,,,,,,,,,,,,,,,,,,,,,,,,,,,,,,,,,,,,,,,,,,
73ccff656dec434ebb3adf5e,7A:06:6F:1D:F8:4D,2024-06-04 09:10:21,,,,,,,,,,,,,,,,,,,,,,,,,,,,,,,,,,,,,,,,,,,,,,,,,,,,,,,,,,,,,,,,,,,,,,,,,,,,,,,,,,,,,,,,,,,,,,,,
f17275540fed40948074e520,D8:78:C9:E7:80:34,2024-06-04 09:10:37,,,,,,,,,,,,,,,,,,,,,,,,,,,,,,,,,,,,,,,,,,,,,,,,,,,,,,,,,,,,,,,,,,,,,,,,,,,,,,,,,,,,,,,,,,,,,,,,
601b88245fa04cecb3638aed,F9:B4:C5:C0:07:BD,2024-06-04 09:11:15,,,,,,,,,,,,,,,,,,,,,,,,,,,,,,,,,,,,,,,,,,,,,,,,,,,,,,,,,,,,,,,,,,,,,,,,,,,,,,,,,,,,,,,,,,,,,,,,
ba14cc856e3549968cff5d7a,E4:F1:7E:7A:0D:9C,2024-06-04 09:11:46,,,,,,,,,,,,,,,,,,,,,,,,,,,,,,,,,,,,,,,,,,,,,,,,,,,,,,,,,,,,,,,,,,,,,,,,,,,,,,,,,,,,,,,,,,,,,,,,
eba62783ab6f430f87e32f4a,49:99:F8:E0:69:C0,2024-06-04 09:11:46,,,,,,,,,,,,,,,,,,,,,,,,,,,,,,,,,,,,,,,,,,,,,,,,,,,,,,,,,,,,,,,,,,,,,,,,,,,,,,,,,,,,,,,,,,,,,,,,
1b17d2e117b842a685afe37b,68:D8:8C:CD:9E:6A,2024-06-04 09:12:39,,,,,,,,,,,,,,,,,,,,,,,,,,,,,,,,,,,,,,,,,,,,,,,,,,,,,,,,,,,,,,,,,,,,,,,,,,,,,,,,,,,,,,,,,,,,,,,,
638723ed338c40c88d065d2f,D8:AA:46:D3:3D:5F,2024-06-04 09:12:39,,,,,,,,,,,,,,,,,,,,,,,,,,,,,,,,,,,,,,,,,,,,,,,,,,,,,,,,,,,,,,,,,,,,,,,,,,,,,,,,,,,,,,,,,,,,,,,,
7437a254582043e198ca9dad,7C:3B:58:46:84:AC,2024-06-04 09:12:39,,,,,,,,,,,,,,,,,,,,,,,,,,,,,,,,,,,,,,,,,,,,,,,,,,,,,,,,,,,,,,,,,,,,,,,,,,,,,,,,,,,,,,,,,,,,,,,,
cacf2ab5e3ec49c298774f42,6B:49:97:CC:71:C9,2024-06-04 09:12:39,,,,,,,,,,,,,,,,,,,,,,,,,,,,,,,,,,,,,,,,,,,,,,,,,,,,,,,,,,,,,,,,,,,,,,,,,,,,,,,,,,,,,,,,,,,,,,,,
3fdc8a8b7d4e4b2fa7fce5f7,E3:A9:00:AC:DC:0B,2024-06-04 09:12:39,,,,,,,,,,,,,,,,,,,,,,,,,,,,,,,,,,,,,,,,,,,,,,,,,,,,,,,,,,,,,,,,,,,,,,,,,,,,,,,,,,,,,,,,,,,,,,,,
9302edb478e54c108be7a616,44:07:32:71:70:29,2024-06-04 09:12:39,,,,,,,,,,,,,,,,,,,,,,,,,,,,,,,,,,,,,,,,,,,,,,,,,,,,,,,,,,,,,,,,,,,,,,,,,,,,,,,,,,,,,,,,,,,,,,,,
5ff3d92f7e2746dea2e0ede3,04:7F:0E:C5:42:75,2024-06-04 09:13:26,,,,,,,,,,,,,,,,,,,,,,,,,,,,,,,,,,,,,,,,,,,,,,,,,,,,,,,,,,,,,,,,,,,,,,,,,,,,,,,,,,,,,,,,,,,,,,,,
90fa9e201d2e4bac966e38f7,58:FC:C6:96:2C:47,2024-06-04 09:13:26,,,,,,,,,,,,,,,,,,,,,,,,,,,,,,,,,,,,,,,,,,,,,,,,,,,,,,,,,,,,,,,,,,,,,,,,,,,,,,,,,,,,,,,,,,,,,,,,
7831af4ff9864550bc2c8461,8C:64:A2:D6:C4:DB,2024-06-04 09:13:42,,,,,,,,,,,,,,,,,,,,,,,,,,,,,,,,,,,,,,,,,,,,,,,,,,,,,,,,,,,,,,,,,,,,,,,,,,,,,,,,,,,,,,,,,,,,,,,,
951a7034abaf46dcbabedf96,F5:51:88:27:2F:31,2024-06-04 09:14:45,,,,,,,,,,,,,,,,,,,,,,,,,,,,,,,,,,,,,,,,,,,,,,,,,,,,,,,,,,,,,,,,,,,,,,,,,,,,,,,,,,,,,,,,,,,,,,,,
6b58750fc2e443b6ae59d55c,7E:23:DD:EF:EE:B8,2024-06-04 09:15:37,,,,,,,,,,,,,,,,,,,,,,,,,,,,,,,,,,,,,,,,,,,,,,,,,,,,,,,,,,,,,,,,,,,,,,,,,,,,,,,,,,,,,,,,,,,,,,,,
770fcdb34c254cdb98d37fff,E0:6C:D4:64:5D:ED,2024-06-04 09:15:37,,,,,,,,,,,,,,,,,,,,,,,,,,,,,,,,,,,,,,,,,,,,,,,,,,,,,,,,,,,,,,,,,,,,,,,,,,,,,,,,,,,,,,,,,,,,,,,,
de7297c31eef49c38b0ac289,D1:6C:F5:9D:FC:9F,2024-06-04 09:16:40,2024-06-04 09:16:57,2024-06-04 09:17:33,2024-06-04 09:17:49,2024-06-04 09:18:05,2024-06-04 09:18:26,2024-06-04 09:18:57,2024-06-04 09:19:29,2024-06-04 09:19:45,2024-06-04 09:20:00,2024-06-04 09:20:37,2024-06-04 09:20:53,2024-06-04 09:21:14,2024-06-04 09:21:35,2024-06-04 09:21:50,2024-06-04 09:23:09,2024-06-04 09:23:41,2024-06-04 09:23:56,2024-06-04 09:24:12,2024-06-04 09:24:28,2024-06-04 09:25:15,2024-06-04 09:25:31,2024-06-04 09:25:47,2024-06-04 09:26:03,2024-06-04 09:26:18,2024-06-04 09:27:00,2024-06-04 09:27:16,2024-06-04 09:27:32,2024-06-04 09:27:48,2024-06-04 09:28:03,2024-06-04 09:28:24,2024-06-04 09:28:40,2024-06-04 09:29:01,2024-06-04 09:29:22,2024-06-04 09:29:43,2024-06-04 09:29:58,2024-06-04 09:30:14,2024-06-04 09:30:30,2024-06-04 09:30:46,2024-06-04 09:31:07,2024-06-04 09:31:22,2024-06-04 09:31:38,2024-06-04 09:32:20,2024-06-04 09:32:36,2024-06-04 09:32:57,2024-06-04 09:33:13,2024-06-04 09:33:28,2024-06-04 09:33:44,2024-06-04 09:34:00,2024-06-04 09:34:16,2024-06-04 09:34:38,2024-06-04 09:35:16,2024-06-04 09:35:32,2024-06-04 09:35:53,2024-06-04 09:36:08,2024-06-04 09:36:24,,,,,,,,,,,,,,,,,,,,,,,,,,,,,,,,,,,,,,,,,
802fa5d627d24cfe8bc8d775,41:42:FA:9E:14:81,2024-06-04 09:16:57,,,,,,,,,,,,,,,,,,,,,,,,,,,,,,,,,,,,,,,,,,,,,,,,,,,,,,,,,,,,,,,,,,,,,,,,,,,,,,,,,,,,,,,,,,,,,,,,
a8b4910862b444e0b9ea9336,4C:28:CA:B5:74:7D,2024-06-04 09:16:57,,,,,,,,,,,,,,,,,,,,,,,,,,,,,,,,,,,,,,,,,,,,,,,,,,,,,,,,,,,,,,,,,,,,,,,,,,,,,,,,,,,,,,,,,,,,,,,,
55f2aa7f76094ee28542fd5b,69:F3:28:FE:4D:63,2024-06-04 09:16:57,,,,,,,,,,,,,,,,,,,,,,,,,,,,,,,,,,,,,,,,,,,,,,,,,,,,,,,,,,,,,,,,,,,,,,,,,,,,,,,,,,,,,,,,,,,,,,,,
0d8de9938f754d33984a8d2c,45:60:28:63:1A:30,2024-06-04 09:16:57,,,,,,,,,,,,,,,,,,,,,,,,,,,,,,,,,,,,,,,,,,,,,,,,,,,,,,,,,,,,,,,,,,,,,,,,,,,,,,,,,,,,,,,,,,,,,,,,
af9281c704174d57b81916c0,56:C2:71:BD:0D:93,2024-06-04 09:16:57,,,,,,,,,,,,,,,,,,,,,,,,,,,,,,,,,,,,,,,,,,,,,,,,,,,,,,,,,,,,,,,,,,,,,,,,,,,,,,,,,,,,,,,,,,,,,,,,
4ac49cf248ac40ab8f91fdd3,CF:74:32:E9:C2:8D,2024-06-04 09:16:57,,,,,,,,,,,,,,,,,,,,,,,,,,,,,,,,,,,,,,,,,,,,,,,,,,,,,,,,,,,,,,,,,,,,,,,,,,,,,,,,,,,,,,,,,,,,,,,,
6ff1ba7d17cb4554bb1560a1,40:45:DA:9C:DF:76,2024-06-04 09:16:57,,,,,,,,,,,,,,,,,,,,,,,,,,,,,,,,,,,,,,,,,,,,,,,,,,,,,,,,,,,,,,,,,,,,,,,,,,,,,,,,,,,,,,,,,,,,,,,,
6f1dc8d283e046ffa01f6618,41:42:9E:4F:1C:1D,2024-06-04 09:17:18,2024-06-04 09:23:41,,,,,,,,,,,,,,,,,,,,,,,,,,,,,,,,,,,,,,,,,,,,,,,,,,,,,,,,,,,,,,,,,,,,,,,,,,,,,,,,,,,,,,,,,,,,,,,
a1fd732d8bc144f1b3c070d0,41:D6:A0:61:11:A4,2024-06-04 09:17:49,,,,,,,,,,,,,,,,,,,,,,,,,,,,,,,,,,,,,,,,,,,,,,,,,,,,,,,,,,,,,,,,,,,,,,,,,,,,,,,,,,,,,,,,,,,,,,,,
98f9dfdc8b38407ea8349078,45:04:AD:B0:C1:F8,2024-06-04 09:17:49,,,,,,,,,,,,,,,,,,,,,,,,,,,,,,,,,,,,,,,,,,,,,,,,,,,,,,,,,,,,,,,,,,,,,,,,,,,,,,,,,,,,,,,,,,,,,,,,
db757b2a3d6f4f52b6a99f4e,46:72:1E:DA:62:D7,2024-06-04 09:17:49,,,,,,,,,,,,,,,,,,,,,,,,,,,,,,,,,,,,,,,,,,,,,,,,,,,,,,,,,,,,,,,,,,,,,,,,,,,,,,,,,,,,,,,,,,,,,,,,
937c860c35c144ab86bd7dd3,C6:0B:8F:69:72:66,2024-06-04 09:17:49,,,,,,,,,,,,,,,,,,,,,,,,,,,,,,,,,,,,,,,,,,,,,,,,,,,,,,,,,,,,,,,,,,,,,,,,,,,,,,,,,,,,,,,,,,,,,,,,
087fad67a747483a9e027e26,42:D4:86:C8:A6:AE,2024-06-04 09:18:41,,,,,,,,,,,,,,,,,,,,,,,,,,,,,,,,,,,,,,,,,,,,,,,,,,,,,,,,,,,,,,,,,,,,,,,,,,,,,,,,,,,,,,,,,,,,,,,,
6148030025304ebeadbbf9a6,65:0E:06:2A:F9:64,2024-06-04 09:19:45,,,,,,,,,,,,,,,,,,,,,,,,,,,,,,,,,,,,,,,,,,,,,,,,,,,,,,,,,,,,,,,,,,,,,,,,,,,,,,,,,,,,,,,,,,,,,,,,
8a283deeddbc4f66a2fbb5f5,D5:B5:43:05:1D:39,2024-06-04 09:19:45,,,,,,,,,,,,,,,,,,,,,,,,,,,,,,,,,,,,,,,,,,,,,,,,,,,,,,,,,,,,,,,,,,,,,,,,,,,,,,,,,,,,,,,,,,,,,,,,
e52825d7f36e41b987a8deb1,7B:18:20:07:06:7B,2024-06-04 09:20:00,,,,,,,,,,,,,,,,,,,,,,,,,,,,,,,,,,,,,,,,,,,,,,,,,,,,,,,,,,,,,,,,,,,,,,,,,,,,,,,,,,,,,,,,,,,,,,,,
5c238ae68e9a4b29ad354d30,7B:A2:93:91:82:78,2024-06-04 09:20:00,,,,,,,,,,,,,,,,,,,,,,,,,,,,,,,,,,,,,,,,,,,,,,,,,,,,,,,,,,,,,,,,,,,,,,,,,,,,,,,,,,,,,,,,,,,,,,,,
19ee19d25685409c9e2d23b7,DE:AD:DE:6A:C6:12,2024-06-04 09:20:00,,,,,,,,,,,,,,,,,,,,,,,,,,,,,,,,,,,,,,,,,,,,,,,,,,,,,,,,,,,,,,,,,,,,,,,,,,,,,,,,,,,,,,,,,,,,,,,,
7eec3fb5bc514f9788a3f700,7B:4E:7B:95:F0:61,2024-06-04 09:21:50,,,,,,,,,,,,,,,,,,,,,,,,,,,,,,,,,,,,,,,,,,,,,,,,,,,,,,,,,,,,,,,,,,,,,,,,,,,,,,,,,,,,,,,,,,,,,,,,
24bd3a040a9645e8b3875c23,6D:B1:AE:7B:C2:E3,2024-06-04 09:23:25,,,,,,,,,,,,,,,,,,,,,,,,,,,,,,,,,,,,,,,,,,,,,,,,,,,,,,,,,,,,,,,,,,,,,,,,,,,,,,,,,,,,,,,,,,,,,,,,
d3c4a3f20e0f494b98d4ded8,69:24:5E:46:28:1C,2024-06-04 09:24:12,,,,,,,,,,,,,,,,,,,,,,,,,,,,,,,,,,,,,,,,,,,,,,,,,,,,,,,,,,,,,,,,,,,,,,,,,,,,,,,,,,,,,,,,,,,,,,,,2024-06-04 09:24:15
e4249c82c30c4fc29e11a7c5,78:D5:72:A4:DC:99,2024-06-04 09:26:03,,,,,,,,,,,,,,,,,,,,,,,,,,,,,,,,,,,,,,,,,,,,,,,,,,,,,,,,,,,,,,,,,,,,,,,,,,,,,,,,,,,,,,,,,,,,,,,,
a9e0515fcea34b03978bc55a,F4:60:77:26:CD:A9,2024-06-04 09:26:34,,,,,,,,,,,,,,,,,,,,,,,,,,,,,,,,,,,,,,,,,,,,,,,,,,,,,,,,,,,,,,,,,,,,,,,,,,,,,,,,,,,,,,,,,,,,,,,,2024-06-04 09:26:39
95f76ef5620041e18a6eaee6,47:DF:D6:E6:82:D4,2024-06-04 09:27:48,,,,,,,,,,,,,,,,,,,,,,,,,,,,,,,,,,,,,,,,,,,,,,,,,,,,,,,,,,,,,,,,,,,,,,,,,,,,,,,,,,,,,,,,,,,,,,,,2024-06-04 09:27:25
1f9d96670968406fb1a29871,D2:8C:FE:FD:EE:C6,2024-06-04 09:29:22,,,,,,,,,,,,,,,,,,,,,,,,,,,,,,,,,,,,,,,,,,,,,,,,,,,,,,,,,,,,,,,,,,,,,,,,,,,,,,,,,,,,,,,,,,,,,,,,
660c3c4144154154bc9f5603,E0:7D:EA:79:15:88,2024-06-04 09:29:22,,,,,,,,,,,,,,,,,,,,,,,,,,,,,,,,,,,,,,,,,,,,,,,,,,,,,,,,,,,,,,,,,,,,,,,,,,,,,,,,,,,,,,,,,,,,,,,,2024-06-04 09:29:17
46bc68df9025482fb1afdc0c,43:43:0C:F9:25:17,2024-06-04 09:29:43,,,,,,,,,,,,,,,,,,,,,,,,,,,,,,,,,,,,,,,,,,,,,,,,,,,,,,,,,,,,,,,,,,,,,,,,,,,,,,,,,,,,,,,,,,,,,,,,
17ac4006a5344019bc2eac4a,44:53:07:7C:F5:E6,2024-06-04 09:29:43,,,,,,,,,,,,,,,,,,,,,,,,,,,,,,,,,,,,,,,,,,,,,,,,,,,,,,,,,,,,,,,,,,,,,,,,,,,,,,,,,,,,,,,,,,,,,,,,
0bce0c3e4d004dd7a5add8b7,4B:2C:F5:B3:4D:76,2024-06-04 09:29:43,,,,,,,,,,,,,,,,,,,,,,,,,,,,,,,,,,,,,,,,,,,,,,,,,,,,,,,,,,,,,,,,,,,,,,,,,,,,,,,,,,,,,,,,,,,,,,,,
f7e599657b7b46f1b563b39b,67:6E:9F:5B:DF:C5,2024-06-04 09:29:43,,,,,,,,,,,,,,,,,,,,,,,,,,,,,,,,,,,,,,,,,,,,,,,,,,,,,,,,,,,,,,,,,,,,,,,,,,,,,,,,,,,,,,,,,,,,,,,,2024-06-04 09:29:17
5c74d58852164120931ee3fa,54:34:20:07:75:BD,2024-06-04 09:30:30,,,,,,,,,,,,,,,,,,,,,,,,,,,,,,,,,,,,,,,,,,,,,,,,,,,,,,,,,,,,,,,,,,,,,,,,,,,,,,,,,,,,,,,,,,,,,,,,2024-06-04 09:30:38
1930135d9c734f3aa0c79684,65:4F:B2:A5:9A:9A,2024-06-04 09:31:07,,,,,,,,,,,,,,,,,,,,,,,,,,,,,,,,,,,,,,,,,,,,,,,,,,,,,,,,,,,,,,,,,,,,,,,,,,,,,,,,,,,,,,,,,,,,,,,,2024-06-04 09:30:38
27a69600caf44bc3b471ff5c,BB:44:86:94:FE:C9,2024-06-04 09:31:22,,,,,,,,,,,,,,,,,,,,,,,,,,,,,,,,,,,,,,,,,,,,,,,,,,,,,,,,,,,,,,,,,,,,,,,,,,,,,,,,,,,,,,,,,,,,,,,,
4bc3c7f161064a5eaf244df1,70:2B:D8:DC:4F:DC,2024-06-04 09:32:04,,,,,,,,,,,,,,,,,,,,,,,,,,,,,,,,,,,,,,,,,,,,,,,,,,,,,,,,,,,,,,,,,,,,,,,,,,,,,,,,,,,,,,,,,,,,,,,,
feb6fbd6fc8d4ccab7c89920,46:F5:E5:00:1C:08,2024-06-04 09:32:04,,,,,,,,,,,,,,,,,,,,,,,,,,,,,,,,,,,,,,,,,,,,,,,,,,,,,,,,,,,,,,,,,,,,,,,,,,,,,,,,,,,,,,,,,,,,,,,,
a0b111438668441b848a7451,F1:9C:9F:DC:34:77,2024-06-04 09:32:04,,,,,,,,,,,,,,,,,,,,,,,,,,,,,,,,,,,,,,,,,,,,,,,,,,,,,,,,,,,,,,,,,,,,,,,,,,,,,,,,,,,,,,,,,,,,,,,,
94c8aa133cb049dc901ace63,4E:0A:10:2D:4A:32,2024-06-04 09:32:20,,,,,,,,,,,,,,,,,,,,,,,,,,,,,,,,,,,,,,,,,,,,,,,,,,,,,,,,,,,,,,,,,,,,,,,,,,,,,,,,,,,,,,,,,,,,,,,,
8fbe46b661c54261aee1789f,50:9E:5A:DE:58:3E,2024-06-04 09:32:36,,,,,,,,,,,,,,,,,,,,,,,,,,,,,,,,,,,,,,,,,,,,,,,,,,,,,,,,,,,,,,,,,,,,,,,,,,,,,,,,,,,,,,,,,,,,,,,,
b7b40b43268049ad8e0e1bbe,F1:B8:B4:B1:EC:D6,2024-06-04 09:32:36,,,,,,,,,,,,,,,,,,,,,,,,,,,,,,,,,,,,,,,,,,,,,,,,,,,,,,,,,,,,,,,,,,,,,,,,,,,,,,,,,,,,,,,,,,,,,,,,
e7bd348767084e01bb29cf81,E4:11:71:D0:9A:4F,2024-06-04 09:32:36,,,,,,,,,,,,,,,,,,,,,,,,,,,,,,,,,,,,,,,,,,,,,,,,,,,,,,,,,,,,,,,,,,,,,,,,,,,,,,,,,,,,,,,,,,,,,,,,
ea230641e0814132b7802e60,43:12:D4:51:B4:B4,2024-06-04 09:32:57,,,,,,,,,,,,,,,,,,,,,,,,,,,,,,,,,,,,,,,,,,,,,,,,,,,,,,,,,,,,,,,,,,,,,,,,,,,,,,,,,,,,,,,,,,,,,,,,
120d1b1d447d440b9125b1ee,C0:64:B5:7A:43:E0,2024-06-04 09:33:44,,,,,,,,,,,,,,,,,,,,,,,,,,,,,,,,,,,,,,,,,,,,,,,,,,,,,,,,,,,,,,,,,,,,,,,,,,,,,,,,,,,,,,,,,,,,,,,,2024-06-04 09:34:06
e5c085f3e97d4183ad2ca3aa,EF:A0:5A:1A:D3:94,2024-06-04 09:34:16,,,,,,,,,,,,,,,,,,,,,,,,,,,,,,,,,,,,,,,,,,,,,,,,,,,,,,,,,,,,,,,,,,,,,,,,,,,,,,,,,,,,,,,,,,,,,,,,
536d3e0a458c4984a9420d04,5A:E2:59:5F:E3:84,2024-06-04 09:34:16,,,,,,,,,,,,,,,,,,,,,,,,,,,,,,,,,,,,,,,,,,,,,,,,,,,,,,,,,,,,,,,,,,,,,,,,,,,,,,,,,,,,,,,,,,,,,,,,2024-06-04 09:33:51
fbf1960a553644a7a5019430,4A:AA:81:9C:D4:41,2024-06-04 09:34:16,,,,,,,,,,,,,,,,,,,,,,,,,,,,,,,,,,,,,,,,,,,,,,,,,,,,,,,,,,,,,,,,,,,,,,,,,,,,,,,,,,,,,,,,,,,,,,,,
42cd0efb211e45edada26eaa,57:8B:C6:31:D4:03,2024-06-04 09:34:16,,,,,,,,,,,,,,,,,,,,,,,,,,,,,,,,,,,,,,,,,,,,,,,,,,,,,,,,,,,,,,,,,,,,,,,,,,,,,,,,,,,,,,,,,,,,,,,,
a6cc3af510b742a380e7f6f0,48:BC:37:31:78:24,2024-06-04 09:34:16,,,,,,,,,,,,,,,,,,,,,,,,,,,,,,,,,,,,,,,,,,,,,,,,,,,,,,,,,,,,,,,,,,,,,,,,,,,,,,,,,,,,,,,,,,,,,,,,
f3d8e852fa294a929ff6940b,4C:F3:6C:CA:40:A2,2024-06-04 09:34:38,,,,,,,,,,,,,,,,,,,,,,,,,,,,,,,,,,,,,,,,,,,,,,,,,,,,,,,,,,,,,,,,,,,,,,,,,,,,,,,,,,,,,,,,,,,,,,,,
78c4027202c94791b7528825,C5:03:EF:67:DA:42,2024-06-04 09:34:38,,,,,,,,,,,,,,,,,,,,,,,,,,,,,,,,,,,,,,,,,,,,,,,,,,,,,,,,,,,,,,,,,,,,,,,,,,,,,,,,,,,,,,,,,,,,,,,,
44d2c179e2044c10a3465307,6D:6B:25:BA:D4:33,2024-06-04 09:34:38,,,,,,,,,,,,,,,,,,,,,,,,,,,,,,,,,,,,,,,,,,,,,,,,,,,,,,,,,,,,,,,,,,,,,,,,,,,,,,,,,,,,,,,,,,,,,,,,
7a281df75dc84d259f7c6f62,48:29:D6:F3:CC:B6,2024-06-04 09:34:38,2024-06-04 09:34:55,,,,,,,,,,,,,,,,,,,,,,,,,,,,,,,,,,,,,,,,,,,,,,,,,,,,,,,,,,,,,,,,,,,,,,,,,,,,,,,,,,,,,,,,,,,,,,,
9e26ef68561349f89360d186,5E:06:CD:9E:3D:F7,2024-06-04 09:35:32,,,,,,,,,,,,,,,,,,,,,,,,,,,,,,,,,,,,,,,,,,,,,,,,,,,,,,,,,,,,,,,,,,,,,,,,,,,,,,,,,,,,,,,,,,,,,,,,
b23721f3cddd4d52964a9181,52:7C:48:B3:21:E9,2024-06-04 09:36:08,2024-06-04 09:36:24,2024-06-04 09:36:40,,,,,,,,,,,,,,,,,,,,,,,,,,,,,,,,,,,,,,,,,,,,,,,,,,,,,,,,,,,,,,,,,,,,,,,,,,,,,,,,,,,,,,,,,,,,,,2024-06-04 09:29:01
6a8f58003c904a2cbd99a9d8,45:85:A3:EE:95:FA,2024-06-04 09:36:24,,,,,,,,,,,,,,,,,,,,,,,,,,,,,,,,,,,,,,,,,,,,,,,,,,,,,,,,,,,,,,,,,,,,,,,,,,,,,,,,,,,,,,,,,,,,,,,,2024-06-04 09:28:28
2730f258cd8840799a66dfff,57:70:54:67:B1:58,2024-06-04 09:36:24,,,,,,,,,,,,,,,,,,,,,,,,,,,,,,,,,,,,,,,,,,,,,,,,,,,,,,,,,,,,,,,,,,,,,,,,,,,,,,,,,,,,,,,,,,,,,,,,
b27c1b6d90794631b96977a4,16:08:10:2B:CE:95,2024-06-04 09:36:24,,,,,,,,,,,,,,,,,,,,,,,,,,,,,,,,,,,,,,,,,,,,,,,,,,,,,,,,,,,,,,,,,,,,,,,,,,,,,,,,,,,,,,,,,,,,,,,,
3e9d3224292d4781aae9b08e,66:71:91:32:60:2A,2024-06-04 09:36:40,2024-06-04 09:36:56,2024-06-04 09:37:11,2024-06-04 09:37:27,2024-06-04 09:37:43,2024-06-04 09:38:04,2024-06-04 09:38:26,2024-06-04 09:38:42,2024-06-04 09:38:58,2024-06-04 09:39:14,2024-06-04 09:39:30,2024-06-04 09:39:46,2024-06-04 09:40:12,2024-06-04 09:40:27,2024-06-04 09:40:43,2024-06-04 09:40:59,2024-06-04 09:41:15,2024-06-04 09:41:31,2024-06-04 09:41:46,2024-06-04 09:42:02,2024-06-04 09:42:18,2024-06-04 09:42:34,2024-06-04 09:42:50,2024-06-04 09:43:05,2024-06-04 09:43:21,2024-06-04 09:43:37,2024-06-04 09:43:53,2024-06-04 09:44:08,2024-06-04 09:44:24,2024-06-04 09:44:40,2024-06-04 09:44:56,2024-06-04 09:45:12,2024-06-04 09:45:27,2024-06-04 09:45:43,2024-06-04 09:46:04,2024-06-04 09:46:25,2024-06-04 09:46:41,2024-06-04 09:46:57,2024-06-04 09:47:12,2024-06-04 09:47:28,2024-06-04 09:47:44,2024-06-04 09:48:00,2024-06-04 09:48:16,2024-06-04 09:48:31,2024-06-04 09:48:47,2024-06-04 09:49:03,2024-06-04 09:49:19,2024-06-04 09:49:35,2024-06-04 09:49:50,2024-06-04 09:50:06,2024-06-04 09:50:27,2024-06-04 09:50:43,2024-06-04 09:50:59,2024-06-04 09:51:14,2024-06-04 09:51:30,2024-06-04 09:51:46,2024-06-04 09:52:07,2024-06-04 09:52:23,2024-06-04 09:52:44,2024-06-04 09:53:05,2024-06-04 09:53:25,2024-06-04 09:53:46,2024-06-04 09:54:02,2024-06-04 09:54:18,2024-06-04 09:54:34,2024-06-04 09:54:50,2024-06-04 09:55:05,2024-06-04 09:55:21,2024-06-04 09:55:37,2024-06-04 09:55:53,2024-06-04 09:56:09,2024-06-04 09:56:24,2024-06-04 09:56:40,2024-06-04 09:57:01,,,,,,,,,,,,,,,,,,,,,,,
f29f3299d52240f99373698d,D0:AA:ED:86:CD:97,2024-06-04 09:36:40,2024-06-04 09:36:56,2024-06-04 09:37:27,2024-06-04 09:37:43,2024-06-04 09:38:04,2024-06-04 09:38:26,2024-06-04 09:38:42,2024-06-04 09:38:58,2024-06-04 09:39:14,2024-06-04 09:39:30,2024-06-04 09:39:46,2024-06-04 09:40:12,2024-06-04 09:40:27,2024-06-04 09:40:59,2024-06-04 09:41:15,2024-06-04 09:41:31,2024-06-04 09:41:46,2024-06-04 09:42:02,2024-06-04 09:42:18,2024-06-04 09:42:34,2024-06-04 09:42:50,2024-06-04 09:43:05,2024-06-04 09:43:21,2024-06-04 09:43:37,2024-06-04 09:43:53,2024-06-04 09:44:24,2024-06-04 09:44:40,2024-06-04 09:44:56,2024-06-04 09:45:12,2024-06-04 09:45:27,2024-06-04 09:46:04,2024-06-04 09:46:25,,,,,,,,,,,,,,,,,,,,,,,,,,,,,,,,,,,,,,,,,,,,,,,,,,,,,,,,,,,,,,,,,
451cc30ccc1f4f0f9a523214,D0:28:BA:A5:7E:62,2024-06-04 09:38:26,,,,,,,,,,,,,,,,,,,,,,,,,,,,,,,,,,,,,,,,,,,,,,,,,,,,,,,,,,,,,,,,,,,,,,,,,,,,,,,,,,,,,,,,,,,,,,,,
9ca3f2d686b64cf4a52ee467,A0:ED:FB:94:66:1C,2024-06-04 09:38:58,,,,,,,,,,,,,,,,,,,,,,,,,,,,,,,,,,,,,,,,,,,,,,,,,,,,,,,,,,,,,,,,,,,,,,,,,,,,,,,,,,,,,,,,,,,,,,,,
6c0723aeafa049a2890918cf,E0:7D:EA:9F:BF:0F,2024-06-04 09:40:27,,,,,,,,,,,,,,,,,,,,,,,,,,,,,,,,,,,,,,,,,,,,,,,,,,,,,,,,,,,,,,,,,,,,,,,,,,,,,,,,,,,,,,,,,,,,,,,,
34f2a762556a406ab92d04a0,FC:A8:9B:24:33:35,2024-06-04 09:40:43,2024-06-04 09:50:59,,,,,,,,,,,,,,,,,,,,,,,,,,,,,,,,,,,,,,,,,,,,,,,,,,,,,,,,,,,,,,,,,,,,,,,,,,,,,,,,,,,,,,,,,,,,,,,
975d63160b8c4c7caa34f41a,72:28:52:F9:31:E3,2024-06-04 09:40:59,,,,,,,,,,,,,,,,,,,,,,,,,,,,,,,,,,,,,,,,,,,,,,,,,,,,,,,,,,,,,,,,,,,,,,,,,,,,,,,,,,,,,,,,,,,,,,,,
a695de6405e9473b94b35fd1,F0:AE:66:6A:42:27,2024-06-04 09:40:59,,,,,,,,,,,,,,,,,,,,,,,,,,,,,,,,,,,,,,,,,,,,,,,,,,,,,,,,,,,,,,,,,,,,,,,,,,,,,,,,,,,,,,,,,,,,,,,,
9b1ad06c6c7c4ed59f130b79,40:00:00:1A:9C:E7,2024-06-04 09:43:53,,,,,,,,,,,,,,,,,,,,,,,,,,,,,,,,,,,,,,,,,,,,,,,,,,,,,,,,,,,,,,,,,,,,,,,,,,,,,,,,,,,,,,,,,,,,,,,,
b81d9806a6f04e97a70894c7,C1:22:33:44:60:0F,2024-06-04 09:43:53,,,,,,,,,,,,,,,,,,,,,,,,,,,,,,,,,,,,,,,,,,,,,,,,,,,,,,,,,,,,,,,,,,,,,,,,,,,,,,,,,,,,,,,,,,,,,,,,
90661defde4b421f8d27dd29,E4:17:CB:50:40:CF,2024-06-04 09:43:53,,,,,,,,,,,,,,,,,,,,,,,,,,,,,,,,,,,,,,,,,,,,,,,,,,,,,,,,,,,,,,,,,,,,,,,,,,,,,,,,,,,,,,,,,,,,,,,,
63cf2af0ee5b46608557d28d,50:79:54:70:91:45,2024-06-04 09:45:12,,,,,,,,,,,,,,,,,,,,,,,,,,,,,,,,,,,,,,,,,,,,,,,,,,,,,,,,,,,,,,,,,,,,,,,,,,,,,,,,,,,,,,,,,,,,,,,,
916c70052875459da6bda652,7E:4C:E4:8A:5E:E3,2024-06-04 09:45:43,,,,,,,,,,,,,,,,,,,,,,,,,,,,,,,,,,,,,,,,,,,,,,,,,,,,,,,,,,,,,,,,,,,,,,,,,,,,,,,,,,,,,,,,,,,,,,,,
fbee0505e48a44b98ff0e4e5,59:13:A5:C9:AD:D7,2024-06-04 09:46:04,,,,,,,,,,,,,,,,,,,,,,,,,,,,,,,,,,,,,,,,,,,,,,,,,,,,,,,,,,,,,,,,,,,,,,,,,,,,,,,,,,,,,,,,,,,,,,,,
f4c319681e934e258e01868f,77:0D:7E:5A:F4:19,2024-06-04 09:46:04,,,,,,,,,,,,,,,,,,,,,,,,,,,,,,,,,,,,,,,,,,,,,,,,,,,,,,,,,,,,,,,,,,,,,,,,,,,,,,,,,,,,,,,,,,,,,,,,
1cf748d354984d669ce4551a,E9:DC:46:EE:00:CE,2024-06-04 09:46:04,,,,,,,,,,,,,,,,,,,,,,,,,,,,,,,,,,,,,,,,,,,,,,,,,,,,,,,,,,,,,,,,,,,,,,,,,,,,,,,,,,,,,,,,,,,,,,,,
7d52a7b1b58c42a29307dcee,E7:2E:89:EB:A5:B1,2024-06-04 09:46:04,,,,,,,,,,,,,,,,,,,,,,,,,,,,,,,,,,,,,,,,,,,,,,,,,,,,,,,,,,,,,,,,,,,,,,,,,,,,,,,,,,,,,,,,,,,,,,,,
6099b53778974e268e8bcd6b,50:97:2F:9C:8B:EE,2024-06-04 09:46:25,,,,,,,,,,,,,,,,,,,,,,,,,,,,,,,,,,,,,,,,,,,,,,,,,,,,,,,,,,,,,,,,,,,,,,,,,,,,,,,,,,,,,,,,,,,,,,,,
683aa59bf9844e7e9e1ea17c,00:13:43:73:89:20,2024-06-04 09:46:41,,,,,,,,,,,,,,,,,,,,,,,,,,,,,,,,,,,,,,,,,,,,,,,,,,,,,,,,,,,,,,,,,,,,,,,,,,,,,,,,,,,,,,,,,,,,,,,,
5122039ecb614347a334ae04,C1:C0:6B:4B:85:D8,2024-06-04 09:46:57,2024-06-04 09:47:12,2024-06-04 09:47:44,2024-06-04 09:48:16,2024-06-04 09:48:31,2024-06-04 09:49:03,2024-06-04 09:49:50,2024-06-04 09:50:06,2024-06-04 09:50:27,2024-06-04 09:50:43,2024-06-04 09:50:59,2024-06-04 09:51:14,2024-06-04 09:51:30,2024-06-04 09:51:46,2024-06-04 09:52:07,2024-06-04 09:52:23,2024-06-04 09:52:44,2024-06-04 09:53:46,2024-06-04 09:54:02,2024-06-04 09:54:18,2024-06-04 09:55:05,2024-06-04 09:55:21,2024-06-04 09:55:37,2024-06-04 09:55:53,2024-06-04 09:56:09,2024-06-04 09:56:24,2024-06-04 09:56:40,2024-06-04 09:57:01,2024-06-04 09:57:54,2024-06-04 09:58:09,2024-06-04 09:58:30,2024-06-04 09:58:46,2024-06-04 09:59:02,2024-06-04 09:59:18,2024-06-04 09:59:34,2024-06-04 09:59:49,2024-06-04 10:00:05,,,,,,,,,,,,,,,,,,,,,,,,,,,,,,,,,,,,,,,,,,,,,,,,,,,,,,,,,,,,
b25988844c414b1baa64ea7b,60:12:8C:30:18:C8,2024-06-04 09:46:57,,,,,,,,,,,,,,,,,,,,,,,,,,,,,,,,,,,,,,,,,,,,,,,,,,,,,,,,,,,,,,,,,,,,,,,,,,,,,,,,,,,,,,,,,,,,,,,,
ed57e3c5ca2e4f29bb434931,56:65:4C:73:FC:D3,2024-06-04 09:49:03,,,,,,,,,,,,,,,,,,,,,,,,,,,,,,,,,,,,,,,,,,,,,,,,,,,,,,,,,,,,,,,,,,,,,,,,,,,,,,,,,,,,,,,,,,,,,,,,2024-06-04 09:48:40
cc248c6afdb94479bcb62861,9E:DD:F2:B6:43:D4,2024-06-04 09:50:59,,,,,,,,,,,,,,,,,,,,,,,,,,,,,,,,,,,,,,,,,,,,,,,,,,,,,,,,,,,,,,,,,,,,,,,,,,,,,,,,,,,,,,,,,,,,,,,,
ad350bc6725645d689195436,6A:18:B5:2A:74:BC,2024-06-04 09:50:59,,,,,,,,,,,,,,,,,,,,,,,,,,,,,,,,,,,,,,,,,,,,,,,,,,,,,,,,,,,,,,,,,,,,,,,,,,,,,,,,,,,,,,,,,,,,,,,,
c71b3b914fe64b4e94a54abc,45:C8:69:AC:8D:BF,2024-06-04 09:50:59,,,,,,,,,,,,,,,,,,,,,,,,,,,,,,,,,,,,,,,,,,,,,,,,,,,,,,,,,,,,,,,,,,,,,,,,,,,,,,,,,,,,,,,,,,,,,,,,
0405b96a7e394e63b6b89027,D3:24:1D:34:58:21,2024-06-04 09:50:59,,,,,,,,,,,,,,,,,,,,,,,,,,,,,,,,,,,,,,,,,,,,,,,,,,,,,,,,,,,,,,,,,,,,,,,,,,,,,,,,,,,,,,,,,,,,,,,,
3d1fa55053c34874848d382b,71:56:3F:C8:3F:5D,2024-06-04 09:50:59,,,,,,,,,,,,,,,,,,,,,,,,,,,,,,,,,,,,,,,,,,,,,,,,,,,,,,,,,,,,,,,,,,,,,,,,,,,,,,,,,,,,,,,,,,,,,,,,
fd1926f5adae4f39bffe0356,63:06:7F:E5:43:46,2024-06-04 09:54:34,,,,,,,,,,,,,,,,,,,,,,,,,,,,,,,,,,,,,,,,,,,,,,,,,,,,,,,,,,,,,,,,,,,,,,,,,,,,,,,,,,,,,,,,,,,,,,,,
2105e8a5d81d463484b4949b,7A:36:4E:0F:3C:D2,2024-06-04 09:54:50,,,,,,,,,,,,,,,,,,,,,,,,,,,,,,,,,,,,,,,,,,,,,,,,,,,,,,,,,,,,,,,,,,,,,,,,,,,,,,,,,,,,,,,,,,,,,,,,2024-06-04 09:54:52
33510b4ed0664e2a933f76cc,75:26:D5:26:13:07,2024-06-04 09:54:50,,,,,,,,,,,,,,,,,,,,,,,,,,,,,,,,,,,,,,,,,,,,,,,,,,,,,,,,,,,,,,,,,,,,,,,,,,,,,,,,,,,,,,,,,,,,,,,,
fba069544fcc40018be1baa5,5B:EE:B1:3B:CE:14,2024-06-04 09:55:05,,,,,,,,,,,,,,,,,,,,,,,,,,,,,,,,,,,,,,,,,,,,,,,,,,,,,,,,,,,,,,,,,,,,,,,,,,,,,,,,,,,,,,,,,,,,,,,,2024-06-04 09:54:52
59498e60f1b44b5cad98e59e,44:8A:AE:CE:8A:89,2024-06-04 09:55:05,,,,,,,,,,,,,,,,,,,,,,,,,,,,,,,,,,,,,,,,,,,,,,,,,,,,,,,,,,,,,,,,,,,,,,,,,,,,,,,,,,,,,,,,,,,,,,,,
bb9e2441535b4a0391b9121f,5D:03:A9:CC:D6:25,2024-06-04 09:57:01,,,,,,,,,,,,,,,,,,,,,,,,,,,,,,,,,,,,,,,,,,,,,,,,,,,,,,,,,,,,,,,,,,,,,,,,,,,,,,,,,,,,,,,,,,,,,,,,2024-06-04 09:56:30
ec7682428967485d83b0ccc0,6A:E4:43:96:90:F8,2024-06-04 09:57:17,2024-06-04 09:57:38,2024-06-04 09:57:54,2024-06-04 09:58:09,2024-06-04 09:58:30,2024-06-04 09:58:46,2024-06-04 09:59:02,2024-06-04 09:59:18,2024-06-04 09:59:34,2024-06-04 09:59:49,2024-06-04 10:00:05,2024-06-04 10:00:21,2024-06-04 10:00:37,2024-06-04 10:00:53,2024-06-04 10:01:14,2024-06-04 10:01:30,2024-06-04 10:01:46,2024-06-04 10:02:01,2024-06-04 10:02:17,2024-06-04 10:02:33,2024-06-04 10:02:49,2024-06-04 10:03:05,2024-06-04 10:03:21,2024-06-04 10:03:38,2024-06-04 10:03:55,2024-06-04 10:04:11,2024-06-04 10:04:28,2024-06-04 10:04:45,2024-06-04 10:05:01,2024-06-04 10:05:23,,,,,,,,,,,,,,,,,,,,,,,,,,,,,,,,,,,,,,,,,,,,,,,,,,,,,,,,,,,,,,,,,,,
9b687fd32c37490abe5615e8,5E:3C:1D:01:3E:25,2024-06-04 09:58:46,,,,,,,,,,,,,,,,,,,,,,,,,,,,,,,,,,,,,,,,,,,,,,,,,,,,,,,,,,,,,,,,,,,,,,,,,,,,,,,,,,,,,,,,,,,,,,,,
bbd25af22ee9496abc3ac867,F4:60:77:23:52:E8,2024-06-04 09:58:46,,,,,,,,,,,,,,,,,,,,,,,,,,,,,,,,,,,,,,,,,,,,,,,,,,,,,,,,,,,,,,,,,,,,,,,,,,,,,,,,,,,,,,,,,,,,,,,,
98f530511bf84268929ff3d3,56:7D:03:44:30:38,2024-06-04 09:59:18,,,,,,,,,,,,,,,,,,,,,,,,,,,,,,,,,,,,,,,,,,,,,,,,,,,,,,,,,,,,,,,,,,,,,,,,,,,,,,,,,,,,,,,,,,,,,,,,
6b2e2499b1da4863a9a60609,FE:8D:C9:80:BC:61,2024-06-04 10:00:21,2024-06-04 10:00:37,2024-06-04 10:00:53,2024-06-04 10:01:14,2024-06-04 10:01:30,2024-06-04 10:01:46,2024-06-04 10:02:01,2024-06-04 10:02:17,2024-06-04 10:02:33,2024-06-04 10:02:49,2024-06-04 10:03:05,2024-06-04 10:03:21,2024-06-04 10:03:38,2024-06-04 10:03:55,2024-06-04 10:04:11,2024-06-04 10:04:28,2024-06-04 10:04:45,2024-06-04 10:05:01,2024-06-04 10:05:23,,,,,,,,,,,,,,,,,,,,,,,,,,,,,,,,,,,,,,,,,,,,,,,,,,,,,,,,,,,,,,,,,,,,,,,,,,,,,,
5391351ffefd4816b9a0f9d7,7B:FA:CB:AA:C7:1A,2024-06-04 10:00:37,,,,,,,,,,,,,,,,,,,,,,,,,,,,,,,,,,,,,,,,,,,,,,,,,,,,,,,,,,,,,,,,,,,,,,,,,,,,,,,,,,,,,,,,,,,,,,,,
d58613b7b6f241cd9475f2de,5A:84:E8:01:00:59,2024-06-04 10:00:53,,,,,,,,,,,,,,,,,,,,,,,,,,,,,,,,,,,,,,,,,,,,,,,,,,,,,,,,,,,,,,,,,,,,,,,,,,,,,,,,,,,,,,,,,,,,,,,,
addca65f44a64b809a836559,72:57:90:F9:B4:7C,2024-06-04 10:01:14,,,,,,,,,,,,,,,,,,,,,,,,,,,,,,,,,,,,,,,,,,,,,,,,,,,,,,,,,,,,,,,,,,,,,,,,,,,,,,,,,,,,,,,,,,,,,,,,
311e6363fc024d628decc598,67:D3:D4:22:39:94,2024-06-04 10:01:14,,,,,,,,,,,,,,,,,,,,,,,,,,,,,,,,,,,,,,,,,,,,,,,,,,,,,,,,,,,,,,,,,,,,,,,,,,,,,,,,,,,,,,,,,,,,,,,,
8038d53e88af4f31bcfcbc2e,E5:DD:62:9F:51:B1,2024-06-04 10:01:14,,,,,,,,,,,,,,,,,,,,,,,,,,,,,,,,,,,,,,,,,,,,,,,,,,,,,,,,,,,,,,,,,,,,,,,,,,,,,,,,,,,,,,,,,,,,,,,,
061dee0779ae4000aff38dd9,70:DD:A8:4F:AE:9F,2024-06-04 10:01:14,,,,,,,,,,,,,,,,,,,,,,,,,,,,,,,,,,,,,,,,,,,,,,,,,,,,,,,,,,,,,,,,,,,,,,,,,,,,,,,,,,,,,,,,,,,,,,,,
6b541ad2b35f44ed9f91626e,20:22:07:10:4C:DF,2024-06-04 10:01:46,,,,,,,,,,,,,,,,,,,,,,,,,,,,,,,,,,,,,,,,,,,,,,,,,,,,,,,,,,,,,,,,,,,,,,,,,,,,,,,,,,,,,,,,,,,,,,,,
e2b468e799cc4fd5a0196b36,D0:D1:52:89:FD:CE,2024-06-04 10:02:01,,,,,,,,,,,,,,,,,,,,,,,,,,,,,,,,,,,,,,,,,,,,,,,,,,,,,,,,,,,,,,,,,,,,,,,,,,,,,,,,,,,,,,,,,,,,,,,,
8b236d13b1a247c494777c57,74:93:0C:AC:1A:F8,2024-06-04 10:03:05,,,,,,,,,,,,,,,,,,,,,,,,,,,,,,,,,,,,,,,,,,,,,,,,,,,,,,,,,,,,,,,,,,,,,,,,,,,,,,,,,,,,,,,,,,,,,,,,
55da4089df7f43dfa7ff5c2f,41:42:A7:8A:1E:5B,2024-06-04 10:03:05,,,,,,,,,,,,,,,,,,,,,,,,,,,,,,,,,,,,,,,,,,,,,,,,,,,,,,,,,,,,,,,,,,,,,,,,,,,,,,,,,,,,,,,,,,,,,,,,
3fe5dfbbee234a0387397db4,27:F4:42:72:82:E9,2024-06-04 10:03:38,,,,,,,,,,,,,,,,,,,,,,,,,,,,,,,,,,,,,,,,,,,,,,,,,,,,,,,,,,,,,,,,,,,,,,,,,,,,,,,,,,,,,,,,,,,,,,,,
361400025c3745b9bcc1dc47,D8:B6:73:99:A9:CD,2024-06-04 10:05:23,,,,,,,,,,,,,,,,,,,,,,,,,,,,,,,,,,,,,,,,,,,,,,,,,,,,,,,,,,,,,,,,,,,,,,,,,,,,,,,,,,,,,,,,,,,,,,,,
0f8eac79ce444f36b81b49ea,07:47:2B:CE:A0:89,2024-06-04 10:14:03,2024-06-04 10:14:19,2024-06-04 10:14:35,2024-06-04 10:14:51,2024-06-04 10:15:06,2024-06-04 10:15:22,2024-06-04 10:15:38,2024-06-04 10:15:54,2024-06-04 10:16:10,2024-06-04 10:16:25,2024-06-04 10:16:41,2024-06-04 10:16:57,2024-06-04 10:17:13,2024-06-04 10:17:28,2024-06-04 10:17:44,2024-06-04 10:18:00,2024-06-04 10:18:16,2024-06-04 10:18:31,2024-06-04 10:18:47,2024-06-04 10:19:03,2024-06-04 10:19:19,,,,,,,,,,,,,,,,,,,,,,,,,,,,,,,,,,,,,,,,,,,,,,,,,,,,,,,,,,,,,,,,,,,,,,,,,,,,
b0411d3d4c4e4e5fa6657190,1D:CB:5B:9A:8A:E9,2024-06-04 10:14:03,2024-06-04 10:15:22,2024-06-04 10:15:54,2024-06-04 10:16:10,2024-06-04 10:17:44,2024-06-04 10:18:00,,,,,,,,,,,,,,,,,,,,,,,,,,,,,,,,,,,,,,,,,,,,,,,,,,,,,,,,,,,,,,,,,,,,,,,,,,,,,,,,,,,,,,,,,,,
ad897534966f4815b3db44b6,41:A2:D8:5A:8B:C8,2024-06-04 10:14:03,2024-06-04 10:14:19,2024-06-04 10:14:35,2024-06-04 10:14:51,2024-06-04 10:15:06,,,,,,,,,,,,,,,,,,,,,,,,,,,,,,,,,,,,,,,,,,,,,,,,,,,,,,,,,,,,,,,,,,,,,,,,,,,,,,,,,,,,,,,,,,,,
f8cd4929a63b433cbd812c29,FB:7D:77:38:54:BC,2024-06-04 10:14:19,2024-06-04 10:14:35,2024-06-04 10:17:28,2024-06-04 10:19:19,,,,,,,,,,,,,,,,,,,,,,,,,,,,,,,,,,,,,,,,,,,,,,,,,,,,,,,,,,,,,,,,,,,,,,,,,,,,,,,,,,,,,,,,,,,,,
580602aba4a54fab96c05165,B1:86:64:41:D9:0F,2024-06-04 10:15:22,2024-06-04 10:18:16,2024-06-04 10:19:03,,,,,,,,,,,,,,,,,,,,,,,,,,,,,,,,,,,,,,,,,,,,,,,,,,,,,,,,,,,,,,,,,,,,,,,,,,,,,,,,,,,,,,,,,,,,,,
a4a273273b374a85bb39429d,40:2E:31:6A:D3:4D,2024-06-04 10:16:10,,,,,,,,,,,,,,,,,,,,,,,,,,,,,,,,,,,,,,,,,,,,,,,,,,,,,,,,,,,,,,,,,,,,,,,,,,,,,,,,,,,,,,,,,,,,,,,,
769bdfa52ae34ab6973777df,EB:88:FC:80:AF:6F,2024-06-04 10:16:10,2024-06-04 10:18:47,,,,,,,,,,,,,,,,,,,,,,,,,,,,,,,,,,,,,,,,,,,,,,,,,,,,,,,,,,,,,,,,,,,,,,,,,,,,,,,,,,,,,,,,,,,,,,,
03790ba6295749c9bed3184a,62:3A:C6:C9:94:A0,2024-06-04 10:17:28,2024-06-04 10:18:16,2024-06-04 10:18:31,2024-06-04 10:18:47,2024-06-04 10:19:03,,,,,,,,,,,,,,,,,,,,,,,,,,,,,,,,,,,,,,,,,,,,,,,,,,,,,,,,,,,,,,,,,,,,,,,,,,,,,,,,,,,,,,,,,,,,
b38431af79314fb5bf4e7693,50:37:26:90:63:DD,,,,,,,,,,,,,,,,,,,,,,,,,,,,,,,,,,,,,,,,,,,,,,,,,,,,,,,,,,,,,,,,,,,,,,,,,,,,,,,,,,,,,,,,,,,,,,,,,2024-06-04 09:21:19
3038e956c2db4ba398fb5f91,73:12:A9:D1:F7:CF,,,,,,,,,,,,,,,,,,,,,,,,,,,,,,,,,,,,,,,,,,,,,,,,,,,,,,,,,,,,,,,,,,,,,,,,,,,,,,,,,,,,,,,,,,,,,,,,,2024-06-04 09:21:19
5de0d8ffb57f48a6894da6d4,71:42:F6:E1:27:11,,,,,,,,,,,,,,,,,,,,,,,,,,,,,,,,,,,,,,,,,,,,,,,,,,,,,,,,,,,,,,,,,,,,,,,,,,,,,,,,,,,,,,,,,,,,,,,,,2024-06-04 09:21:19
1ac3e294e11e4e7287ac6220,C1:B3:D9:FB:96:07,,,,,,,,,,,,,,,,,,,,,,,,,,,,,,,,,,,,,,,,,,,,,,,,,,,,,,,,,,,,,,,,,,,,,,,,,,,,,,,,,,,,,,,,,,,,,,,,,2024-06-04 09:21:19
8792c63d5bb74f4796cfc769,DB:7C:1C:32:4F:59,,,,,,,,,,,,,,,,,,,,,,,,,,,,,,,,,,,,,,,,,,,,,,,,,,,,,,,,,,,,,,,,,,,,,,,,,,,,,,,,,,,,,,,,,,,,,,,,,2024-06-04 09:21:19
33f9d076565740fe8dacc5a3,E7:63:A4:E1:9F:24,,,,,,,,,,,,,,,,,,,,,,,,,,,,,,,,,,,,,,,,,,,,,,,,,,,,,,,,,,,,,,,,,,,,,,,,,,,,,,,,,,,,,,,,,,,,,,,,,2024-06-04 09:21:19
1c4cefd3956b46edb7fa696f,CE:CB:A4:C8:89:A2,,,,,,,,,,,,,,,,,,,,,,,,,,,,,,,,,,,,,,,,,,,,,,,,,,,,,,,,,,,,,,,,,,,,,,,,,,,,,,,,,,,,,,,,,,,,,,,,,2024-06-04 09:21:19
3d6068939c6c47b8a1b76666,5A:44:24:1F:8C:18,,,,,,,,,,,,,,,,,,,,,,,,,,,,,,,,,,,,,,,,,,,,,,,,,,,,,,,,,,,,,,,,,,,,,,,,,,,,,,,,,,,,,,,,,,,,,,,,,2024-06-04 09:21:38
16bf2d9d687c425c9d4ef0bb,76:AD:1D:3C:F3:D5,,,,,,,,,,,,,,,,,,,,,,,,,,,,,,,,,,,,,,,,,,,,,,,,,,,,,,,,,,,,,,,,,,,,,,,,,,,,,,,,,,,,,,,,,,,,,,,,,2024-06-04 09:21:38
ce31fd795745495584441749,D5:B5:E9:E1:0F:00,,,,,,,,,,,,,,,,,,,,,,,,,,,,,,,,,,,,,,,,,,,,,,,,,,,,,,,,,,,,,,,,,,,,,,,,,,,,,,,,,,,,,,,,,,,,,,,,,2024-06-04 09:21:38
faea7b3ac88d478b8c1d5206,57:04:7F:C8:10:8A,,,,,,,,,,,,,,,,,,,,,,,,,,,,,,,,,,,,,,,,,,,,,,,,,,,,,,,,,,,,,,,,,,,,,,,,,,,,,,,,,,,,,,,,,,,,,,,,,2024-06-04 09:21:38
685c3d9c9b8740fbaefca5e8,DB:5F:F1:20:81:96,,,,,,,,,,,,,,,,,,,,,,,,,,,,,,,,,,,,,,,,,,,,,,,,,,,,,,,,,,,,,,,,,,,,,,,,,,,,,,,,,,,,,,,,,,,,,,,,,2024-06-04 09:21:38
aa1523afbee5473bbed71fea,C2:8B:E9:06:B8:E1,,,,,,,,,,,,,,,,,,,,,,,,,,,,,,,,,,,,,,,,,,,,,,,,,,,,,,,,,,,,,,,,,,,,,,,,,,,,,,,,,,,,,,,,,,,,,,,,,2024-06-04 09:22:57
e75744ee887e4decb09e89bf,5B:6D:67:A2:1C:EC,,,,,,,,,,,,,,,,,,,,,,,,,,,,,,,,,,,,,,,,,,,,,,,,,,,,,,,,,,,,,,,,,,,,,,,,,,,,,,,,,,,,,,,,,,,,,,,,,2024-06-04 09:23:12
d5b40787ce994742abf9b68f,C7:43:0D:87:9C:CA,,,,,,,,,,,,,,,,,,,,,,,,,,,,,,,,,,,,,,,,,,,,,,,,,,,,,,,,,,,,,,,,,,,,,,,,,,,,,,,,,,,,,,,,,,,,,,,,,2024-06-04 09:23:12
6ce48298acf248fdadb16b44,67:53:00:A4:0A:D0,,,,,,,,,,,,,,,,,,,,,,,,,,,,,,,,,,,,,,,,,,,,,,,,,,,,,,,,,,,,,,,,,,,,,,,,,,,,,,,,,,,,,,,,,,,,,,,,,2024-06-04 09:23:12
d89e954d37ca4cb686212622,5D:48:D6:DE:97:A3,,,,,,,,,,,,,,,,,,,,,,,,,,,,,,,,,,,,,,,,,,,,,,,,,,,,,,,,,,,,,,,,,,,,,,,,,,,,,,,,,,,,,,,,,,,,,,,,,2024-06-04 09:23:12
edffd43ac3f047a29d88c4ee,42:8D:15:DF:E5:81,,,,,,,,,,,,,,,,,,,,,,,,,,,,,,,,,,,,,,,,,,,,,,,,,,,,,,,,,,,,,,,,,,,,,,,,,,,,,,,,,,,,,,,,,,,,,,,,,2024-06-04 09:23:12
9cbcfe664146483490fbcb51,6D:5B:5F:7F:F5:4F,,,,,,,,,,,,,,,,,,,,,,,,,,,,,,,,,,,,,,,,,,,,,,,,,,,,,,,,,,,,,,,,,,,,,,,,,,,,,,,,,,,,,,,,,,,,,,,,,2024-06-04 09:23:12
1027e3c8ed784b7a8a11f01c,C0:8F:68:55:66:EB,,,,,,,,,,,,,,,,,,,,,,,,,,,,,,,,,,,,,,,,,,,,,,,,,,,,,,,,,,,,,,,,,,,,,,,,,,,,,,,,,,,,,,,,,,,,,,,,,2024-06-04 09:23:12
ebfedc753e8743fb88d5b8ce,59:A5:07:71:63:B3,,,,,,,,,,,,,,,,,,,,,,,,,,,,,,,,,,,,,,,,,,,,,,,,,,,,,,,,,,,,,,,,,,,,,,,,,,,,,,,,,,,,,,,,,,,,,,,,,2024-06-04 09:23:12
6788f373e3c74f6fa452391d,48:9C:FD:A0:47:93,,,,,,,,,,,,,,,,,,,,,,,,,,,,,,,,,,,,,,,,,,,,,,,,,,,,,,,,,,,,,,,,,,,,,,,,,,,,,,,,,,,,,,,,,,,,,,,,,2024-06-04 09:23:12
f03201f9a9df435fbe6fbcf8,ED:08:57:4E:6E:83,,,,,,,,,,,,,,,,,,,,,,,,,,,,,,,,,,,,,,,,,,,,,,,,,,,,,,,,,,,,,,,,,,,,,,,,,,,,,,,,,,,,,,,,,,,,,,,,,2024-06-04 09:24:15
3c4d1b3215a946d68bbc2b09,59:94:B7:72:30:1B,,,,,,,,,,,,,,,,,,,,,,,,,,,,,,,,,,,,,,,,,,,,,,,,,,,,,,,,,,,,,,,,,,,,,,,,,,,,,,,,,,,,,,,,,,,,,,,,,2024-06-04 09:24:15
960de8c80c3945909627ebf6,1A:CA:B4:E4:93:E4,,,,,,,,,,,,,,,,,,,,,,,,,,,,,,,,,,,,,,,,,,,,,,,,,,,,,,,,,,,,,,,,,,,,,,,,,,,,,,,,,,,,,,,,,,,,,,,,,2024-06-04 09:26:23
ebb6d675cfe5412db83f1130,4B:44:6C:ED:F6:89,,,,,,,,,,,,,,,,,,,,,,,,,,,,,,,,,,,,,,,,,,,,,,,,,,,,,,,,,,,,,,,,,,,,,,,,,,,,,,,,,,,,,,,,,,,,,,,,,2024-06-04 09:27:56
06cc6e80f2f24a489cb5e7c7,C3:44:87:29:39:7D,,,,,,,,,,,,,,,,,,,,,,,,,,,,,,,,,,,,,,,,,,,,,,,,,,,,,,,,,,,,,,,,,,,,,,,,,,,,,,,,,,,,,,,,,,,,,,,,,2024-06-04 09:28:28
ecdf57bab3f748449a3978a1,DC:D6:FF:18:EA:F9,,,,,,,,,,,,,,,,,,,,,,,,,,,,,,,,,,,,,,,,,,,,,,,,,,,,,,,,,,,,,,,,,,,,,,,,,,,,,,,,,,,,,,,,,,,,,,,,,2024-06-04 09:28:28
a013faac26404ddfa611e689,54:29:11:60:9E:A2,,,,,,,,,,,,,,,,,,,,,,,,,,,,,,,,,,,,,,,,,,,,,,,,,,,,,,,,,,,,,,,,,,,,,,,,,,,,,,,,,,,,,,,,,,,,,,,,,2024-06-04 09:28:28
0d7145d237fa48ee949f499a,7B:AA:E1:E1:16:AB,,,,,,,,,,,,,,,,,,,,,,,,,,,,,,,,,,,,,,,,,,,,,,,,,,,,,,,,,,,,,,,,,,,,,,,,,,,,,,,,,,,,,,,,,,,,,,,,,2024-06-04 09:28:28
ba9487b58ffa49baab79ef49,4E:E1:42:6E:49:E3,,,,,,,,,,,,,,,,,,,,,,,,,,,,,,,,,,,,,,,,,,,,,,,,,,,,,,,,,,,,,,,,,,,,,,,,,,,,,,,,,,,,,,,,,,,,,,,,,2024-06-04 09:28:28
a973bf5c9b18450eb7ab2c6c,53:AD:BB:62:5A:7D,,,,,,,,,,,,,,,,,,,,,,,,,,,,,,,,,,,,,,,,,,,,,,,,,,,,,,,,,,,,,,,,,,,,,,,,,,,,,,,,,,,,,,,,,,,,,,,,,2024-06-04 09:28:28
e4eafab9e8a54c3aa3980705,72:75:40:90:57:F0,,,,,,,,,,,,,,,,,,,,,,,,,,,,,,,,,,,,,,,,,,,,,,,,,,,,,,,,,,,,,,,,,,,,,,,,,,,,,,,,,,,,,,,,,,,,,,,,,2024-06-04 09:29:17
63faee638db4434b84c84763,F0:AE:66:A9:24:3F,,,,,,,,,,,,,,,,,,,,,,,,,,,,,,,,,,,,,,,,,,,,,,,,,,,,,,,,,,,,,,,,,,,,,,,,,,,,,,,,,,,,,,,,,,,,,,,,,2024-06-04 09:29:17
8dd44cd162c24ff1b62a4dfb,FD:CC:6E:A6:4A:EA,,,,,,,,,,,,,,,,,,,,,,,,,,,,,,,,,,,,,,,,,,,,,,,,,,,,,,,,,,,,,,,,,,,,,,,,,,,,,,,,,,,,,,,,,,,,,,,,,2024-06-04 09:29:17
3fec864f5a7f48218a72eb02,52:FE:3C:C6:8E:30,,,,,,,,,,,,,,,,,,,,,,,,,,,,,,,,,,,,,,,,,,,,,,,,,,,,,,,,,,,,,,,,,,,,,,,,,,,,,,,,,,,,,,,,,,,,,,,,,2024-06-04 09:29:17
a224e2c74a174a4eb5d0d0c7,7B:2B:7C:7B:C2:4E,,,,,,,,,,,,,,,,,,,,,,,,,,,,,,,,,,,,,,,,,,,,,,,,,,,,,,,,,,,,,,,,,,,,,,,,,,,,,,,,,,,,,,,,,,,,,,,,,2024-06-04 09:29:17
7e116ab3885a413896cbd64d,7D:5C:49:7E:40:45,,,,,,,,,,,,,,,,,,,,,,,,,,,,,,,,,,,,,,,,,,,,,,,,,,,,,,,,,,,,,,,,,,,,,,,,,,,,,,,,,,,,,,,,,,,,,,,,,2024-06-04 09:29:50
971c4009c185466f95288a64,FB:53:79:4B:C5:BE,,,,,,,,,,,,,,,,,,,,,,,,,,,,,,,,,,,,,,,,,,,,,,,,,,,,,,,,,,,,,,,,,,,,,,,,,,,,,,,,,,,,,,,,,,,,,,,,,2024-06-04 09:29:50
fe84338aaaa7411989ad4958,58:59:BD:FB:D8:64,,,,,,,,,,,,,,,,,,,,,,,,,,,,,,,,,,,,,,,,,,,,,,,,,,,,,,,,,,,,,,,,,,,,,,,,,,,,,,,,,,,,,,,,,,,,,,,,,2024-06-04 09:29:50
a4315b3be556467e8f6ccbc2,70:8A:13:C4:DE:50,,,,,,,,,,,,,,,,,,,,,,,,,,,,,,,,,,,,,,,,,,,,,,,,,,,,,,,,,,,,,,,,,,,,,,,,,,,,,,,,,,,,,,,,,,,,,,,,,2024-06-04 09:30:22
20e25100b2434e3aab7ac55d,DC:DA:0C:C8:ED:F6,,,,,,,,,,,,,,,,,,,,,,,,,,,,,,,,,,,,,,,,,,,,,,,,,,,,,,,,,,,,,,,,,,,,,,,,,,,,,,,,,,,,,,,,,,,,,,,,,2024-06-04 09:30:38
113e58c3b1da4cffabdb6a42,7D:A6:8D:86:7D:78,,,,,,,,,,,,,,,,,,,,,,,,,,,,,,,,,,,,,,,,,,,,,,,,,,,,,,,,,,,,,,,,,,,,,,,,,,,,,,,,,,,,,,,,,,,,,,,,,2024-06-04 09:30:38
4df134be3acc450c9fe4e86f,72:60:21:BF:56:70,,,,,,,,,,,,,,,,,,,,,,,,,,,,,,,,,,,,,,,,,,,,,,,,,,,,,,,,,,,,,,,,,,,,,,,,,,,,,,,,,,,,,,,,,,,,,,,,,2024-06-04 09:30:38
99d55e38551f49e18082ab2f,58:CA:CF:A6:F9:1B,,,,,,,,,,,,,,,,,,,,,,,,,,,,,,,,,,,,,,,,,,,,,,,,,,,,,,,,,,,,,,,,,,,,,,,,,,,,,,,,,,,,,,,,,,,,,,,,,2024-06-04 09:31:25
46dccc4fb80d43f2ace9bc6a,62:8F:36:13:35:A7,,,,,,,,,,,,,,,,,,,,,,,,,,,,,,,,,,,,,,,,,,,,,,,,,,,,,,,,,,,,,,,,,,,,,,,,,,,,,,,,,,,,,,,,,,,,,,,,,2024-06-04 09:31:41
f067f67a6fc84b22a022196f,45:24:60:36:7D:40,,,,,,,,,,,,,,,,,,,,,,,,,,,,,,,,,,,,,,,,,,,,,,,,,,,,,,,,,,,,,,,,,,,,,,,,,,,,,,,,,,,,,,,,,,,,,,,,,2024-06-04 09:31:41
1c595f488aa344feb687b431,F3:E3:A8:7D:AF:3B,,,,,,,,,,,,,,,,,,,,,,,,,,,,,,,,,,,,,,,,,,,,,,,,,,,,,,,,,,,,,,,,,,,,,,,,,,,,,,,,,,,,,,,,,,,,,,,,,2024-06-04 09:31:41
dff35cef64404584a85fd90d,D2:78:DA:CF:00:07,,,,,,,,,,,,,,,,,,,,,,,,,,,,,,,,,,,,,,,,,,,,,,,,,,,,,,,,,,,,,,,,,,,,,,,,,,,,,,,,,,,,,,,,,,,,,,,,,2024-06-04 09:31:41
2e426fdeb3cb45b1a583e5cc,D6:98:8E:9F:F1:6D,,,,,,,,,,,,,,,,,,,,,,,,,,,,,,,,,,,,,,,,,,,,,,,,,,,,,,,,,,,,,,,,,,,,,,,,,,,,,,,,,,,,,,,,,,,,,,,,,2024-06-04 09:31:41
ba3d39ed91e74a47a7fb7b8c,4E:C0:50:5C:D8:A5,,,,,,,,,,,,,,,,,,,,,,,,,,,,,,,,,,,,,,,,,,,,,,,,,,,,,,,,,,,,,,,,,,,,,,,,,,,,,,,,,,,,,,,,,,,,,,,,,2024-06-04 09:31:41
27e21af20ad3408b88ce9fa8,47:56:65:46:11:B6,,,,,,,,,,,,,,,,,,,,,,,,,,,,,,,,,,,,,,,,,,,,,,,,,,,,,,,,,,,,,,,,,,,,,,,,,,,,,,,,,,,,,,,,,,,,,,,,,2024-06-04 09:32:00
0191a0ddea5b489297dd0a62,4F:EC:27:4B:18:1F,,,,,,,,,,,,,,,,,,,,,,,,,,,,,,,,,,,,,,,,,,,,,,,,,,,,,,,,,,,,,,,,,,,,,,,,,,,,,,,,,,,,,,,,,,,,,,,,,2024-06-04 09:32:00
8043e7385cb04157b081c6dc,48:D8:45:DC:D2:EB,,,,,,,,,,,,,,,,,,,,,,,,,,,,,,,,,,,,,,,,,,,,,,,,,,,,,,,,,,,,,,,,,,,,,,,,,,,,,,,,,,,,,,,,,,,,,,,,,2024-06-04 09:33:35
b9cb48c78ed5436791bbc1b9,CE:75:ED:65:57:93,,,,,,,,,,,,,,,,,,,,,,,,,,,,,,,,,,,,,,,,,,,,,,,,,,,,,,,,,,,,,,,,,,,,,,,,,,,,,,,,,,,,,,,,,,,,,,,,,2024-06-04 09:33:51
c42d0a88ea794604ac8311d9,D5:62:2F:55:F2:CE,,,,,,,,,,,,,,,,,,,,,,,,,,,,,,,,,,,,,,,,,,,,,,,,,,,,,,,,,,,,,,,,,,,,,,,,,,,,,,,,,,,,,,,,,,,,,,,,,2024-06-04 09:34:06
398fce41d055469492e37bdf,53:66:1B:9C:46:A3,,,,,,,,,,,,,,,,,,,,,,,,,,,,,,,,,,,,,,,,,,,,,,,,,,,,,,,,,,,,,,,,,,,,,,,,,,,,,,,,,,,,,,,,,,,,,,,,,2024-06-04 09:34:06
f8f089dc7b684392ba901826,72:61:DB:94:35:3D,,,,,,,,,,,,,,,,,,,,,,,,,,,,,,,,,,,,,,,,,,,,,,,,,,,,,,,,,,,,,,,,,,,,,,,,,,,,,,,,,,,,,,,,,,,,,,,,,2024-06-04 09:34:06
8490663244594a17a9e890e4,79:6E:3E:96:81:F0,,,,,,,,,,,,,,,,,,,,,,,,,,,,,,,,,,,,,,,,,,,,,,,,,,,,,,,,,,,,,,,,,,,,,,,,,,,,,,,,,,,,,,,,,,,,,,,,,2024-06-04 09:34:06
867f75c440f44b35821f8ee0,C5:33:34:5E:3C:C5,,,,,,,,,,,,,,,,,,,,,,,,,,,,,,,,,,,,,,,,,,,,,,,,,,,,,,,,,,,,,,,,,,,,,,,,,,,,,,,,,,,,,,,,,,,,,,,,,2024-06-04 09:34:06
158c2182ec0b42818e603c8c,69:AF:5B:E3:5C:D3,,,,,,,,,,,,,,,,,,,,,,,,,,,,,,,,,,,,,,,,,,,,,,,,,,,,,,,,,,,,,,,,,,,,,,,,,,,,,,,,,,,,,,,,,,,,,,,,,2024-06-04 09:35:10
117ce5ef9b8c4da78ea2e7cc,4F:3C:5D:85:F5:35,,,,,,,,,,,,,,,,,,,,,,,,,,,,,,,,,,,,,,,,,,,,,,,,,,,,,,,,,,,,,,,,,,,,,,,,,,,,,,,,,,,,,,,,,,,,,,,,,2024-06-04 09:35:31
7e2e79cc75584237b6792f9e,4E:A1:DD:37:D4:37,,,,,,,,,,,,,,,,,,,,,,,,,,,,,,,,,,,,,,,,,,,,,,,,,,,,,,,,,,,,,,,,,,,,,,,,,,,,,,,,,,,,,,,,,,,,,,,,,2024-06-04 09:35:53
73cff3dca6334a5994087d2f,4D:95:A6:30:52:DD,,,,,,,,,,,,,,,,,,,,,,,,,,,,,,,,,,,,,,,,,,,,,,,,,,,,,,,,,,,,,,,,,,,,,,,,,,,,,,,,,,,,,,,,,,,,,,,,,2024-06-04 09:35:53
94a2f1b7201e4649bb8f9709,50:41:1C:26:D4:25,,,,,,,,,,,,,,,,,,,,,,,,,,,,,,,,,,,,,,,,,,,,,,,,,,,,,,,,,,,,,,,,,,,,,,,,,,,,,,,,,,,,,,,,,,,,,,,,,2024-06-04 09:35:53
df99e5f5c745474f96c258ab,61:18:24:D0:79:32,,,,,,,,,,,,,,,,,,,,,,,,,,,,,,,,,,,,,,,,,,,,,,,,,,,,,,,,,,,,,,,,,,,,,,,,,,,,,,,,,,,,,,,,,,,,,,,,,2024-06-04 09:35:53
a664af2c24c743c3870609d1,68:5B:FA:C7:30:CE,,,,,,,,,,,,,,,,,,,,,,,,,,,,,,,,,,,,,,,,,,,,,,,,,,,,,,,,,,,,,,,,,,,,,,,,,,,,,,,,,,,,,,,,,,,,,,,,,2024-06-04 09:35:53
61e4cc4f3d394b7bb7a54478,FF:C5:4F:E3:0C:95,,,,,,,,,,,,,,,,,,,,,,,,,,,,,,,,,,,,,,,,,,,,,,,,,,,,,,,,,,,,,,,,,,,,,,,,,,,,,,,,,,,,,,,,,,,,,,,,,2024-06-04 09:35:53
fc8a6eeceb794dd5aa2e6858,2A:97:BA:42:B3:98,,,,,,,,,,,,,,,,,,,,,,,,,,,,,,,,,,,,,,,,,,,,,,,,,,,,,,,,,,,,,,,,,,,,,,,,,,,,,,,,,,,,,,,,,,,,,,,,,2024-06-04 09:38:08
79b820d2f19b4943badd5387,45:93:8C:34:99:71,,,,,,,,,,,,,,,,,,,,,,,,,,,,,,,,,,,,,,,,,,,,,,,,,,,,,,,,,,,,,,,,,,,,,,,,,,,,,,,,,,,,,,,,,,,,,,,,,2024-06-04 09:38:08
42c83d6b73524e9bbb27282c,59:AE:87:5B:49:57,,,,,,,,,,,,,,,,,,,,,,,,,,,,,,,,,,,,,,,,,,,,,,,,,,,,,,,,,,,,,,,,,,,,,,,,,,,,,,,,,,,,,,,,,,,,,,,,,2024-06-04 09:38:08
c07261b846354f46b9c1151a,E2:F9:AE:66:94:45,,,,,,,,,,,,,,,,,,,,,,,,,,,,,,,,,,,,,,,,,,,,,,,,,,,,,,,,,,,,,,,,,,,,,,,,,,,,,,,,,,,,,,,,,,,,,,,,,2024-06-04 09:38:08
4f0dfff6711e45098adb8cfb,5B:DC:15:FC:05:19,,,,,,,,,,,,,,,,,,,,,,,,,,,,,,,,,,,,,,,,,,,,,,,,,,,,,,,,,,,,,,,,,,,,,,,,,,,,,,,,,,,,,,,,,,,,,,,,,2024-06-04 09:38:08
cad9ebfe2f0442cea32628ec,69:A1:3E:E6:2D:A0,,,,,,,,,,,,,,,,,,,,,,,,,,,,,,,,,,,,,,,,,,,,,,,,,,,,,,,,,,,,,,,,,,,,,,,,,,,,,,,,,,,,,,,,,,,,,,,,,2024-06-04 09:38:40
47432b0da54a4060abfa90ec,64:98:4B:2A:06:8F,,,,,,,,,,,,,,,,,,,,,,,,,,,,,,,,,,,,,,,,,,,,,,,,,,,,,,,,,,,,,,,,,,,,,,,,,,,,,,,,,,,,,,,,,,,,,,,,,2024-06-04 09:38:40
9d7fa430faee4cef83add64d,83:5B:5B:7F:DF:F1,,,,,,,,,,,,,,,,,,,,,,,,,,,,,,,,,,,,,,,,,,,,,,,,,,,,,,,,,,,,,,,,,,,,,,,,,,,,,,,,,,,,,,,,,,,,,,,,,2024-06-04 09:39:27
2ea479298fa3457095f991c8,69:52:77:33:EC:E4,,,,,,,,,,,,,,,,,,,,,,,,,,,,,,,,,,,,,,,,,,,,,,,,,,,,,,,,,,,,,,,,,,,,,,,,,,,,,,,,,,,,,,,,,,,,,,,,,2024-06-04 09:39:27
1e0bda9831954b39bebd8d77,4D:3F:26:F7:23:78,,,,,,,,,,,,,,,,,,,,,,,,,,,,,,,,,,,,,,,,,,,,,,,,,,,,,,,,,,,,,,,,,,,,,,,,,,,,,,,,,,,,,,,,,,,,,,,,,2024-06-04 09:42:51
3b894cec1a784242adb695e8,56:DF:D4:55:D4:11,,,,,,,,,,,,,,,,,,,,,,,,,,,,,,,,,,,,,,,,,,,,,,,,,,,,,,,,,,,,,,,,,,,,,,,,,,,,,,,,,,,,,,,,,,,,,,,,,2024-06-04 09:45:12
903079f4431a4184b4f09930,73:14:8B:2E:52:70,,,,,,,,,,,,,,,,,,,,,,,,,,,,,,,,,,,,,,,,,,,,,,,,,,,,,,,,,,,,,,,,,,,,,,,,,,,,,,,,,,,,,,,,,,,,,,,,,2024-06-04 09:45:43
8994ffa09de043f188188e29,D3:28:02:30:1D:6C,,,,,,,,,,,,,,,,,,,,,,,,,,,,,,,,,,,,,,,,,,,,,,,,,,,,,,,,,,,,,,,,,,,,,,,,,,,,,,,,,,,,,,,,,,,,,,,,,2024-06-04 09:45:43
ad1f570e7c604fd69534cd67,63:0E:FF:1F:AE:09,,,,,,,,,,,,,,,,,,,,,,,,,,,,,,,,,,,,,,,,,,,,,,,,,,,,,,,,,,,,,,,,,,,,,,,,,,,,,,,,,,,,,,,,,,,,,,,,,2024-06-04 09:45:43
7c0bef5bcf394c7aab1ccd48,72:25:0C:69:85:34,,,,,,,,,,,,,,,,,,,,,,,,,,,,,,,,,,,,,,,,,,,,,,,,,,,,,,,,,,,,,,,,,,,,,,,,,,,,,,,,,,,,,,,,,,,,,,,,,2024-06-04 09:45:43
fb0a71e55b0e41afae9b1880,66:C4:31:93:67:0F,,,,,,,,,,,,,,,,,,,,,,,,,,,,,,,,,,,,,,,,,,,,,,,,,,,,,,,,,,,,,,,,,,,,,,,,,,,,,,,,,,,,,,,,,,,,,,,,,2024-06-04 09:45:43
531defb5e011437aa0118af1,67:FA:42:0C:E5:14,,,,,,,,,,,,,,,,,,,,,,,,,,,,,,,,,,,,,,,,,,,,,,,,,,,,,,,,,,,,,,,,,,,,,,,,,,,,,,,,,,,,,,,,,,,,,,,,,2024-06-04 09:45:43
7e8dfc35d79e48f79b1ba7d4,79:92:7A:42:75:4F,,,,,,,,,,,,,,,,,,,,,,,,,,,,,,,,,,,,,,,,,,,,,,,,,,,,,,,,,,,,,,,,,,,,,,,,,,,,,,,,,,,,,,,,,,,,,,,,,2024-06-04 09:46:10
22d5542a9c654b34a235abcd,72:00:97:06:74:D8,,,,,,,,,,,,,,,,,,,,,,,,,,,,,,,,,,,,,,,,,,,,,,,,,,,,,,,,,,,,,,,,,,,,,,,,,,,,,,,,,,,,,,,,,,,,,,,,,2024-06-04 09:46:31
64cba11246294b22a554402d,15:30:53:66:27:D7,,,,,,,,,,,,,,,,,,,,,,,,,,,,,,,,,,,,,,,,,,,,,,,,,,,,,,,,,,,,,,,,,,,,,,,,,,,,,,,,,,,,,,,,,,,,,,,,,2024-06-04 09:46:31
a6b91a7c877e44ad8cea0902,E8:22:BD:83:FB:B7,,,,,,,,,,,,,,,,,,,,,,,,,,,,,,,,,,,,,,,,,,,,,,,,,,,,,,,,,,,,,,,,,,,,,,,,,,,,,,,,,,,,,,,,,,,,,,,,,2024-06-04 09:46:31
5329b0de691a483fba6101a8,CE:42:37:B4:7C:49,,,,,,,,,,,,,,,,,,,,,,,,,,,,,,,,,,,,,,,,,,,,,,,,,,,,,,,,,,,,,,,,,,,,,,,,,,,,,,,,,,,,,,,,,,,,,,,,,2024-06-04 09:46:31
3b416c226b5b4c9db478e1bd,65:C0:D9:85:26:C6,,,,,,,,,,,,,,,,,,,,,,,,,,,,,,,,,,,,,,,,,,,,,,,,,,,,,,,,,,,,,,,,,,,,,,,,,,,,,,,,,,,,,,,,,,,,,,,,,2024-06-04 09:47:02
e3ba126d74b74229b54a0b51,7C:79:3E:F3:3C:8A,,,,,,,,,,,,,,,,,,,,,,,,,,,,,,,,,,,,,,,,,,,,,,,,,,,,,,,,,,,,,,,,,,,,,,,,,,,,,,,,,,,,,,,,,,,,,,,,,2024-06-04 09:47:02
90531f619bc14a0fbdc59a5c,FE:0C:88:86:79:21,,,,,,,,,,,,,,,,,,,,,,,,,,,,,,,,,,,,,,,,,,,,,,,,,,,,,,,,,,,,,,,,,,,,,,,,,,,,,,,,,,,,,,,,,,,,,,,,,2024-06-04 09:47:51
04cb4869af254f1d983129d9,56:6D:CB:17:DE:0F,,,,,,,,,,,,,,,,,,,,,,,,,,,,,,,,,,,,,,,,,,,,,,,,,,,,,,,,,,,,,,,,,,,,,,,,,,,,,,,,,,,,,,,,,,,,,,,,,2024-06-04 09:48:40
790021440bc748878dfa3a38,E8:7F:1E:35:29:AB,,,,,,,,,,,,,,,,,,,,,,,,,,,,,,,,,,,,,,,,,,,,,,,,,,,,,,,,,,,,,,,,,,,,,,,,,,,,,,,,,,,,,,,,,,,,,,,,,2024-06-04 09:48:40
e7257370219d42eb8055c9b7,D0:49:7C:5F:9F:F1,,,,,,,,,,,,,,,,,,,,,,,,,,,,,,,,,,,,,,,,,,,,,,,,,,,,,,,,,,,,,,,,,,,,,,,,,,,,,,,,,,,,,,,,,,,,,,,,,2024-06-04 09:51:40
438f8f7d685b45b2b4055825,EE:40:1E:DD:EF:BA,,,,,,,,,,,,,,,,,,,,,,,,,,,,,,,,,,,,,,,,,,,,,,,,,,,,,,,,,,,,,,,,,,,,,,,,,,,,,,,,,,,,,,,,,,,,,,,,,2024-06-04 09:52:22
b34ba08715c441819b3b2f35,7C:0A:26:F7:0F:D3,,,,,,,,,,,,,,,,,,,,,,,,,,,,,,,,,,,,,,,,,,,,,,,,,,,,,,,,,,,,,,,,,,,,,,,,,,,,,,,,,,,,,,,,,,,,,,,,,2024-06-04 09:52:22
b5e117fb70074962ac64b185,84:97:8B:9F:B7:F2,,,,,,,,,,,,,,,,,,,,,,,,,,,,,,,,,,,,,,,,,,,,,,,,,,,,,,,,,,,,,,,,,,,,,,,,,,,,,,,,,,,,,,,,,,,,,,,,,2024-06-04 09:52:22
9cedd0c8abcb450dbfba7688,62:3F:C8:5D:62:1E,,,,,,,,,,,,,,,,,,,,,,,,,,,,,,,,,,,,,,,,,,,,,,,,,,,,,,,,,,,,,,,,,,,,,,,,,,,,,,,,,,,,,,,,,,,,,,,,,2024-06-04 09:53:03
042dd97edcf14ed0a49e7713,67:D3:AB:BF:31:E7,,,,,,,,,,,,,,,,,,,,,,,,,,,,,,,,,,,,,,,,,,,,,,,,,,,,,,,,,,,,,,,,,,,,,,,,,,,,,,,,,,,,,,,,,,,,,,,,,2024-06-04 09:54:18
32e0c486c5ab4ba4b4044158,D8:6A:25:6D:40:7E,,,,,,,,,,,,,,,,,,,,,,,,,,,,,,,,,,,,,,,,,,,,,,,,,,,,,,,,,,,,,,,,,,,,,,,,,,,,,,,,,,,,,,,,,,,,,,,,,2024-06-04 09:54:18
1a0144a2919f4e2681f15728,60:73:BE:5E:C7:83,,,,,,,,,,,,,,,,,,,,,,,,,,,,,,,,,,,,,,,,,,,,,,,,,,,,,,,,,,,,,,,,,,,,,,,,,,,,,,,,,,,,,,,,,,,,,,,,,2024-06-04 09:54:18
3536dbd1227d4b369684077b,41:42:8F:D1:21:1F,,,,,,,,,,,,,,,,,,,,,,,,,,,,,,,,,,,,,,,,,,,,,,,,,,,,,,,,,,,,,,,,,,,,,,,,,,,,,,,,,,,,,,,,,,,,,,,,,2024-06-04 09:54:18
df291e17d8574d2c93ce07f4,4F:B8:BB:41:95:25,,,,,,,,,,,,,,,,,,,,,,,,,,,,,,,,,,,,,,,,,,,,,,,,,,,,,,,,,,,,,,,,,,,,,,,,,,,,,,,,,,,,,,,,,,,,,,,,,2024-06-04 09:54:18
91e2e61c287d47fd9e3384c3,7E:58:80:4A:C3:0F,,,,,,,,,,,,,,,,,,,,,,,,,,,,,,,,,,,,,,,,,,,,,,,,,,,,,,,,,,,,,,,,,,,,,,,,,,,,,,,,,,,,,,,,,,,,,,,,,2024-06-04 09:54:18
32cd14c17dd0493cb67c5a42,49:1F:52:01:0D:DD,,,,,,,,,,,,,,,,,,,,,,,,,,,,,,,,,,,,,,,,,,,,,,,,,,,,,,,,,,,,,,,,,,,,,,,,,,,,,,,,,,,,,,,,,,,,,,,,,2024-06-04 09:54:18
4d731b0ef40e49fdb596e442,5A:68:6A:DB:EF:77,,,,,,,,,,,,,,,,,,,,,,,,,,,,,,,,,,,,,,,,,,,,,,,,,,,,,,,,,,,,,,,,,,,,,,,,,,,,,,,,,,,,,,,,,,,,,,,,,2024-06-04 09:54:18
3f2a866925f64e5f868bf89a,35:62:6A:45:32:C3,,,,,,,,,,,,,,,,,,,,,,,,,,,,,,,,,,,,,,,,,,,,,,,,,,,,,,,,,,,,,,,,,,,,,,,,,,,,,,,,,,,,,,,,,,,,,,,,,2024-06-04 09:54:37
f81b47697ef24f9d86fdd200,F0:1F:1A:37:34:0F,,,,,,,,,,,,,,,,,,,,,,,,,,,,,,,,,,,,,,,,,,,,,,,,,,,,,,,,,,,,,,,,,,,,,,,,,,,,,,,,,,,,,,,,,,,,,,,,,2024-06-04 09:55:24
56399c9c8f3f48038dce447e,48:E4:D1:FA:DF:36,,,,,,,,,,,,,,,,,,,,,,,,,,,,,,,,,,,,,,,,,,,,,,,,,,,,,,,,,,,,,,,,,,,,,,,,,,,,,,,,,,,,,,,,,,,,,,,,,2024-06-04 09:55:24
c104b672f00f4ab8a711af35,7F:ED:CD:A0:1A:CC,,,,,,,,,,,,,,,,,,,,,,,,,,,,,,,,,,,,,,,,,,,,,,,,,,,,,,,,,,,,,,,,,,,,,,,,,,,,,,,,,,,,,,,,,,,,,,,,,2024-06-04 09:55:24
2e953669e51448ad9a238c7a,DF:F2:57:BF:5B:74,,,,,,,,,,,,,,,,,,,,,,,,,,,,,,,,,,,,,,,,,,,,,,,,,,,,,,,,,,,,,,,,,,,,,,,,,,,,,,,,,,,,,,,,,,,,,,,,,2024-06-04 09:55:24
1b706c72e71b45a3b3cfa674,EE:22:33:44:55:66,,,,,,,,,,,,,,,,,,,,,,,,,,,,,,,,,,,,,,,,,,,,,,,,,,,,,,,,,,,,,,,,,,,,,,,,,,,,,,,,,,,,,,,,,,,,,,,,,2024-06-04 09:56:30
7c091f5e76604860a563ae05,FF:F4:5F:95:2A:8A,,,,,,,,,,,,,,,,,,,,,,,,,,,,,,,,,,,,,,,,,,,,,,,,,,,,,,,,,,,,,,,,,,,,,,,,,,,,,,,,,,,,,,,,,,,,,,,,,2024-06-04 09:56:30
1ccb412dbd15465aa8e31d9c,C6:96:48:85:71:0B,,,,,,,,,,,,,,,,,,,,,,,,,,,,,,,,,,,,,,,,,,,,,,,,,,,,,,,,,,,,,,,,,,,,,,,,,,,,,,,,,,,,,,,,,,,,,,,,,2024-06-04 09:56:46
88eac08e597d436d9809c604,66:28:63:2F:B1:58,,,,,,,,,,,,,,,,,,,,,,,,,,,,,,,,,,,,,,,,,,,,,,,,,,,,,,,,,,,,,,,,,,,,,,,,,,,,,,,,,,,,,,,,,,,,,,,,,2024-06-04 09:56:46
0d25887f79bd4fb19fc3a7cf,41:42:EB:6D:F4:3D,,,,,,,,,,,,,,,,,,,,,,,,,,,,,,,,,,,,,,,,,,,,,,,,,,,,,,,,,,,,,,,,,,,,,,,,,,,,,,,,,,,,,,,,,,,,,,,,,2024-06-04 09:56:46
ed4f1e5009f94e3db91d8013,48:79:C6:02:40:85,,,,,,,,,,,,,,,,,,,,,,,,,,,,,,,,,,,,,,,,,,,,,,,,,,,,,,,,,,,,,,,,,,,,,,,,,,,,,,,,,,,,,,,,,,,,,,,,,2024-06-04 09:56:46
3149107ba2ee4f508c174fe6,EB:05:40:20:20:70,,,,,,,,,,,,,,,,,,,,,,,,,,,,,,,,,,,,,,,,,,,,,,,,,,,,,,,,,,,,,,,,,,,,,,,,,,,,,,,,,,,,,,,,,,,,,,,,,2024-06-04 09:57:07
4c3aaae87c4a45579201d655,C2:68:98:4C:9D:CB,,,,,,,,,,,,,,,,,,,,,,,,,,,,,,,,,,,,,,,,,,,,,,,,,,,,,,,,,,,,,,,,,,,,,,,,,,,,,,,,,,,,,,,,,,,,,,,,,2024-06-04 09:57:32
